,POA 2021 Code,POA 2021 Area (km2),MMM 2023,MMM 2023 Area in POA 2021 (km2)
,800,3.1731,2,3.2
,810,24.4283,2,24.4
,812,35.8899,2,35.9
,820,39.0642,2,39.1
,822,150775.803,2,357.5
,822,150775.803,5,1778.6
,822,150775.803,6,43449.4
,822,150775.803,7,105190.3
,828,28.6532,2,28.7
,829,44.8402,2,44.8
,830,235.004,2,29.3
,830,235.004,5,205.7
,832,19.7272,2,19.7
,834,32.6302,2,32.6
,835,76.8403,2,76.8
,836,130.9305,2,130.9
,837,130.7766,2,47.1
,837,130.7766,5,83.7
,838,86.3366,2,39.1
,838,86.3366,5,47.2
,839,1.1346,2,1.1
,840,290.5631,6,290.6
,841,142.2064,5,142.2
,845,115.696,6,115.7
,846,146.7377,6,146.7
,847,402.0523,6,402.1
,850,551.1508,6,551.2
,852,441673.3068,6,7394.6
,852,441673.3068,7,434278.7
,853,106.2851,6,106.3
,854,12.5634,7,12.6
,860,42.0605,7,42.1
,862,117528.152,7,117528.2
,870,59.6121,6,59.6
,872,989085.5326,6,42545.7
,872,989085.5326,7,946539.9
,873,172.5253,6,172.5
,874,72.1518,6,72.2
,875,29.0124,6,29.0
,880,88.6672,7,88.7
,885,2.7429,7,2.7
,886,13.5083,6,13.5
,2000,4.2871,1,4.3
,2007,0.5588,1,0.6
,2008,0.845,1,0.8
,2009,0.9299,1,0.9
,2010,2.1733,1,2.2
,2011,1.4054,1,1.4
,2015,4.2157,1,4.2
,2016,1.1717,1,1.2
,2017,1.9386,1,1.9
,2018,3.9305,1,3.9
,2019,7.3691,1,7.4
,2020,11.9607,1,12.0
,2021,5.7186,1,5.7
,2022,1.9228,1,1.9
,2023,2.3731,1,2.4
,2024,1.9321,1,1.9
,2025,1.2307,1,1.2
,2026,3.6477,1,3.6
,2027,1.3761,1,1.4
,2028,0.7929,1,0.8
,2029,2.5286,1,2.5
,2030,4.6636,1,4.7
,2031,6.094,1,6.1
,2032,2.475,1,2.5
,2033,2.6691,1,2.7
,2034,3.0497,1,3.1
,2035,8.1207,1,8.1
,2036,15.7131,1,15.7
,2037,2.1374,1,2.1
,2038,1.4931,1,1.5
,2039,1.8337,1,1.8
,2040,4.754,1,4.8
,2041,2.4666,1,2.5
,2042,2.0446,1,2.0
,2043,0.8075,1,0.8
,2044,3.8539,1,3.9
,2045,2.3828,1,2.4
,2046,6.0148,1,6.0
,2047,2.3101,1,2.3
,2048,1.218,1,1.2
,2049,1.929,1,1.9
,2050,1.5031,1,1.5
,2060,2.6912,1,2.7
,2061,0.6316,1,0.6
,2062,1.5527,1,1.6
,2063,2.7281,1,2.7
,2064,2.5348,1,2.5
,2065,5.6781,1,5.7
,2066,9.5786,1,9.6
,2067,5.8196,1,5.8
,2068,5.6655,1,5.7
,2069,7.5302,1,7.5
,2070,7.4617,1,7.5
,2071,7.8221,1,7.8
,2072,3.7885,1,3.8
,2073,10.2515,1,10.3
,2074,22.0151,1,22.0
,2075,17.7425,1,17.7
,2076,15.8484,1,15.8
,2077,22.8664,1,22.9
,2079,11.0623,1,11.1
,2080,10.5767,1,10.6
,2081,40.1939,1,4.4
,2081,40.1939,2,35.8
,2082,9.6876,1,4.1
,2082,9.6876,2,4.5
,2082,9.6876,5,1.1
,2083,45.774,2,45.5
,2083,45.774,6,0.3
,2084,107.3731,1,62.9
,2084,107.3731,2,44.4
,2085,16.0513,1,16.1
,2086,8.0742,1,8.1
,2087,8.9311,1,8.9
,2088,8.6503,1,8.7
,2089,1.5036,1,1.5
,2090,2.0654,1,2.1
,2092,3.1079,1,3.1
,2093,7.529,1,7.5
,2094,1.1683,1,1.2
,2095,5.5668,1,5.6
,2096,3.4532,1,3.5
,2097,4.7508,1,4.8
,2099,18.7149,1,18.7
,2100,13.4698,1,13.5
,2101,26.6694,1,26.7
,2102,4.136,1,4.1
,2103,4.6646,1,4.7
,2104,3.7163,1,3.7
,2105,2.1888,1,1.3
,2105,2.1888,2,0.9
,2106,3.8119,1,3.8
,2107,7.8756,1,7.9
,2108,2.9542,1,2.7
,2108,2.9542,2,0.2
,2110,4.3304,1,4.3
,2111,4.7162,1,4.7
,2112,9.3018,1,9.3
,2113,13.2159,1,13.2
,2114,7.3639,1,7.4
,2115,3.9347,1,3.9
,2116,3.7975,1,3.8
,2117,7.1268,1,7.1
,2118,8.5068,1,8.5
,2119,6.7407,1,6.7
,2120,13.8137,1,13.8
,2121,9.2015,1,9.2
,2122,9.0576,1,9.1
,2125,9.2916,1,9.3
,2126,8.2603,1,8.3
,2127,8.1408,1,8.1
,2128,2.7,1,2.7
,2130,1.2031,1,1.2
,2131,3.4144,1,3.4
,2132,2.4354,1,2.4
,2133,2.5503,1,2.6
,2134,2.4456,1,2.4
,2135,6.5375,1,6.5
,2136,3.4638,1,3.5
,2137,7.3557,1,7.4
,2138,3.7811,1,3.8
,2140,3.7487,1,3.7
,2141,11.9359,1,11.9
,2142,10.9833,1,11.0
,2143,4.3104,1,4.3
,2144,8.5637,1,8.6
,2145,27.5671,1,27.6
,2146,6.0077,1,6.0
,2147,15.9973,1,16.0
,2148,37.6817,1,37.7
,2150,5.8687,1,5.9
,2151,10.7334,1,10.7
,2152,4.2857,1,4.3
,2153,25.5852,1,25.6
,2154,18.8102,1,18.8
,2155,36.388,1,36.4
,2156,62.9548,1,42.1
,2156,62.9548,2,20.8
,2157,148.4858,2,79.4
,2157,148.4858,5,69.1
,2158,41.7948,1,38.5
,2158,41.7948,2,3.3
,2159,127.4464,1,23.6
,2159,127.4464,2,37.3
,2159,127.4464,5,66.6
,2160,8.4346,1,8.4
,2161,11.2122,1,11.2
,2162,5.7908,1,5.8
,2163,6.3533,1,6.4
,2164,20.5159,1,20.5
,2165,11.12,1,11.1
,2166,15.2543,1,15.3
,2167,6.9946,1,7.0
,2168,12.8684,1,12.9
,2170,54.319,1,54.3
,2171,21.5331,1,21.5
,2172,3.6787,1,3.7
,2173,192.8683,1,63.0
,2173,192.8683,2,129.8
,2174,6.0563,1,6.1
,2175,21.9683,1,22.0
,2176,19.8468,1,19.8
,2177,5.1959,1,5.2
,2178,54.3241,1,54.3
,2179,36.53,1,36.5
,2190,9.7772,1,9.8
,2191,1.7826,1,1.8
,2192,2.731,1,2.7
,2193,4.1963,1,4.2
,2194,3.3734,1,3.4
,2195,3.5488,1,3.5
,2196,7.0679,1,7.1
,2197,2.9286,1,2.9
,2198,3.3233,1,3.3
,2199,4.6181,1,4.6
,2200,13.9792,1,14.0
,2203,2.0929,1,2.1
,2204,5.7904,1,5.8
,2205,4.244,1,4.2
,2206,5.9786,1,6.0
,2207,7.1852,1,7.2
,2208,4.459,1,4.5
,2209,4.2502,1,4.3
,2210,11.0963,1,11.1
,2211,7.3323,1,7.3
,2212,6.4088,1,6.4
,2213,10.0369,1,10.0
,2214,5.3711,1,5.4
,2216,5.5962,1,5.6
,2217,6.2487,1,6.2
,2218,2.6615,1,2.7
,2219,3.7807,1,3.8
,2220,5.144,1,5.1
,2221,5.3796,1,5.4
,2222,2.5457,1,2.5
,2223,7.253,1,7.3
,2224,4.6882,1,4.7
,2225,2.1022,1,2.1
,2226,5.2222,1,5.2
,2227,4.5976,1,4.6
,2228,5.9464,1,5.9
,2229,10.7805,1,10.8
,2230,9.0449,1,7.6
,2230,9.0449,5,1.5
,2231,19.3454,1,19.3
,2232,153.5693,1,14.4
,2232,153.5693,2,139.2
,2233,40.831,1,15.3
,2233,40.831,2,25.5
,2234,39.7248,1,39.7
,2250,691.6342,1,129.4
,2250,691.6342,2,218.0
,2250,691.6342,5,344.2
,2251,43.5444,1,43.5
,2256,72.7648,1,34.6
,2256,72.7648,2,38.2
,2257,29.3795,1,29.4
,2258,121.2568,1,29.2
,2258,121.2568,2,92.1
,2259,524.7348,1,193.6
,2259,524.7348,2,101.7
,2259,524.7348,5,229.5
,2260,23.6207,1,23.6
,2261,51.4591,1,51.5
,2262,33.7717,1,33.8
,2263,22.3942,1,22.4
,2264,115.1942,1,62.9
,2264,115.1942,2,52.3
,2265,136.0018,1,16.7
,2265,136.0018,2,119.3
,2267,3.6556,1,3.7
,2278,45.0568,1,45.1
,2280,27.927,1,27.9
,2281,30.9078,1,11.3
,2281,30.9078,2,19.6
,2282,11.2261,1,11.2
,2283,59.2496,1,59.3
,2284,24.2726,1,24.3
,2285,32.3918,1,32.4
,2286,25.2353,1,25.2
,2287,38.0741,1,38.1
,2289,11.413,1,11.4
,2290,35.6998,1,35.7
,2291,7.1942,1,7.2
,2292,2.873,1,2.9
,2293,1.326,1,1.3
,2294,2.0392,1,2.0
,2295,11.9768,1,12.0
,2296,0.7062,1,0.7
,2297,0.801,1,0.8
,2298,4.0311,1,4.0
,2299,5.2319,1,5.2
,2300,3.4557,1,3.5
,2302,0.8095,1,0.8
,2303,3.0401,1,3.0
,2304,39.3891,1,39.4
,2305,8.894,1,8.9
,2306,1.777,1,1.8
,2307,6.5582,1,6.6
,2308,1.7907,1,1.8
,2311,783.5898,5,783.6
,2312,181.2071,5,181.2
,2315,32.3446,4,32.3
,2316,73.9271,4,40.8
,2316,73.9271,5,33.2
,2317,9.734,4,9.7
,2318,259.5244,1,37.8
,2318,259.5244,2,221.7
,2319,29.6406,2,0.2
,2319,29.6406,5,29.4
,2320,403.8742,1,85.2
,2320,403.8742,2,163.6
,2320,403.8742,3,114.6
,2320,403.8742,5,40.5
,2321,361.6288,1,48.0
,2321,361.6288,2,126.4
,2321,361.6288,5,187.3
,2322,168.2091,1,149.9
,2322,168.2091,2,18.3
,2323,207.9467,1,53.9
,2323,207.9467,2,144.3
,2323,207.9467,5,9.7
,2324,627.1611,1,64.8
,2324,627.1611,2,100.9
,2324,627.1611,4,31.8
,2324,627.1611,5,427.8
,2324,627.1611,6,1.8
,2325,1605.0648,2,86.6
,2325,1605.0648,3,275.3
,2325,1605.0648,5,1243.2
,2326,80.9068,1,24.2
,2326,80.9068,2,56.7
,2327,15.0694,1,15.1
,2328,1634.8508,5,1634.9
,2329,3056.2045,5,3056.2
,2330,4730.8949,4,223.2
,2330,4730.8949,5,4507.7
,2331,137.2978,4,6.3
,2331,137.2978,5,131.0
,2333,1691.3907,4,80.7
,2333,1691.3907,5,1610.7
,2334,20.7073,2,20.7
,2335,268.4372,2,77.1
,2335,268.4372,5,191.3
,2336,888.9717,4,4.7
,2336,888.9717,5,884.3
,2337,3331.7268,4,118.6
,2337,3331.7268,5,3213.2
,2338,989.4776,5,989.5
,2339,1120.8458,5,1120.8
,2340,3352.9983,3,624.8
,2340,3352.9983,5,2728.2
,2341,227.9108,5,227.9
,2342,561.0816,5,561.1
,2343,3352.8926,5,3352.9
,2344,339.1674,3,138.8
,2344,339.1674,5,200.3
,2345,291.7831,5,291.8
,2346,1967.8028,5,1967.8
,2347,3035.4851,5,3035.5
,2350,4543.2274,3,533.5
,2350,4543.2274,5,4009.7
,2352,434.2708,3,84.0
,2352,434.2708,5,350.3
,2353,198.8995,3,0.2
,2353,198.8995,5,198.7
,2354,7142.1491,5,7142.1
,2355,918.5516,5,918.6
,2356,542.7306,6,542.7
,2357,3305.5418,5,3305.5
,2358,1905.5433,3,54.8
,2358,1905.5433,5,1850.8
,2359,1294.1139,5,1294.1
,2360,3385.2978,4,212.4
,2360,3385.2978,5,3172.9
,2361,1963.1502,5,1963.2
,2365,3804.6687,5,3804.7
,2369,347.5058,5,347.5
,2370,4769.4223,4,424.0
,2370,4769.4223,5,4345.4
,2371,1900.6028,5,1900.6
,2372,4894.7861,5,4894.8
,2379,1114.41,5,1114.4
,2380,2089.1897,4,518.1
,2380,2089.1897,5,1571.1
,2381,2052.3174,5,2052.3
,2382,1826.3389,5,1826.3
,2386,1979.4029,6,1979.4
,2387,1388.5196,6,1388.5
,2388,6699.0871,5,3860.9
,2388,6699.0871,6,2838.1
,2390,4217.1072,4,180.4
,2390,4217.1072,5,4036.7
,2395,1113.5695,5,1113.6
,2396,1826.7503,5,433.1
,2396,1826.7503,6,1393.6
,2397,1694.9079,5,1021.6
,2397,1694.9079,6,673.3
,2398,953.5519,5,953.6
,2399,806.3754,5,806.4
,2400,7569.0088,4,420.1
,2400,7569.0088,5,3393.2
,2400,7569.0088,6,3755.7
,2401,652.7933,5,652.8
,2402,1631.0064,5,1631.0
,2403,1006.9407,5,1006.9
,2404,1992.4546,5,1992.5
,2405,3418.239,6,3418.2
,2406,3283.9561,6,3284.0
,2408,1561.154,5,1561.2
,2409,1607.1651,4,4.2
,2409,1607.1651,5,1602.9
,2410,1530.5927,5,1530.6
,2411,396.9284,5,396.9
,2415,451.8325,5,451.8
,2420,1023.5128,2,33.7
,2420,1023.5128,5,989.8
,2421,244.7457,2,97.6
,2421,244.7457,5,147.2
,2422,3212.5916,5,3212.6
,2423,1346.2284,5,1346.2
,2424,881.6889,5,881.7
,2425,518.0099,5,518.0
,2426,71.3349,3,36.0
,2426,71.3349,5,35.3
,2427,39.8682,5,39.9
,2428,320.9401,3,87.0
,2428,320.9401,5,234.0
,2429,1799.9008,3,188.9
,2429,1799.9008,5,1611.0
,2430,843.4816,3,513.7
,2430,843.4816,5,329.8
,2431,45.9673,4,46.0
,2439,362.4229,4,120.0
,2439,362.4229,5,242.4
,2440,3604.2396,4,263.3
,2440,3604.2396,5,3341.0
,2441,992.7849,4,126.9
,2441,992.7849,5,865.9
,2443,312.5374,4,65.7
,2443,312.5374,5,246.9
,2444,222.4491,3,83.7
,2444,222.4491,5,138.7
,2445,76.8106,3,22.2
,2445,76.8106,4,54.7
,2446,2233.1607,3,150.6
,2446,2233.1607,4,54.2
,2446,2233.1607,5,2028.3
,2447,566.6442,4,65.2
,2447,566.6442,5,501.5
,2448,115.0676,4,106.4
,2448,115.0676,5,8.7
,2449,570.7344,4,7.3
,2449,570.7344,5,563.5
,2450,1019.718,3,482.7
,2450,1019.718,5,537.0
,2450,1019.718,6,0.0
,2452,12.7764,3,12.8
,2453,2157.9951,5,2158.0
,2454,975.6046,3,71.2
,2454,975.6046,5,904.5
,2455,48.0551,5,48.1
,2456,205.4443,3,37.5
,2456,205.4443,4,57.0
,2456,205.4443,5,110.9
,2456,205.4443,6,0.1
,2460,6630.3495,3,689.0
,2460,6630.3495,5,5941.2
,2460,6630.3495,7,0.2
,2462,470.532,3,1.3
,2462,470.532,5,469.2
,2463,549.2925,4,34.8
,2463,549.2925,5,514.5
,2464,102.8533,4,34.7
,2464,102.8533,5,68.1
,2465,23.5903,5,23.6
,2466,14.3561,5,14.4
,2469,3813.3747,5,3813.4
,2470,1256.5159,3,5.2
,2470,1256.5159,4,193.6
,2470,1256.5159,5,1057.7
,2471,442.1506,3,15.4
,2471,442.1506,4,24.8
,2471,442.1506,5,402.0
,2472,466.4076,5,466.4
,2473,31.366,5,31.4
,2474,1537.5939,5,1537.6
,2475,494.7232,5,494.7
,2476,805.3354,5,805.3
,2477,227.642,3,128.8
,2477,227.642,5,98.8
,2478,185.6804,3,156.5
,2478,185.6804,5,29.2
,2479,164.5709,3,24.6
,2479,164.5709,4,85.8
,2479,164.5709,5,54.2
,2480,1369.4565,3,669.0
,2480,1369.4565,4,15.3
,2480,1369.4565,5,685.2
,2481,131.029,3,9.6
,2481,131.029,4,89.1
,2481,131.029,5,32.3
,2482,180.2681,5,180.3
,2483,182.7314,2,53.2
,2483,182.7314,4,2.3
,2483,182.7314,5,127.2
,2484,972.2983,1,10.6
,2484,972.2983,2,214.8
,2484,972.2983,4,115.1
,2484,972.2983,5,631.8
,2485,13.73,1,13.7
,2486,100.3781,1,74.4
,2486,100.3781,2,25.9
,2487,66.6066,1,38.4
,2487,66.6066,2,28.2
,2488,13.626,1,13.6
,2489,14.5419,1,10.8
,2489,14.5419,2,3.7
,2490,22.4375,1,14.2
,2490,22.4375,2,8.2
,2500,27.1582,1,26.2
,2500,27.1582,2,1.0
,2502,9.1601,1,9.2
,2505,13.8266,1,13.8
,2506,7.3207,1,7.3
,2508,162.241,1,17.8
,2508,162.241,2,144.4
,2515,14.2268,1,14.2
,2516,8.6615,1,6.8
,2516,8.6615,2,1.9
,2517,9.0099,1,9.0
,2518,12.7193,1,12.7
,2519,9.2816,1,9.3
,2525,8.5595,1,8.6
,2526,132.2947,1,39.6
,2526,132.2947,2,92.7
,2527,96.0646,1,16.6
,2527,96.0646,2,74.6
,2527,96.0646,5,4.9
,2528,11.2805,1,11.3
,2529,40.4513,1,23.5
,2529,40.4513,2,16.9
,2530,88.3672,1,56.4
,2530,88.3672,2,32.0
,2533,106.4039,2,106.4
,2534,76.2287,2,17.7
,2534,76.2287,5,58.5
,2535,247.9753,2,40.5
,2535,247.9753,3,76.0
,2535,247.9753,5,131.5
,2536,974.8377,4,348.8
,2536,974.8377,5,625.9
,2536,974.8377,6,0.1
,2537,1167.0234,4,3.9
,2537,1167.0234,5,1163.1
,2538,390.494,4,71.0
,2538,390.494,5,319.5
,2539,686.0289,4,80.2
,2539,686.0289,5,605.9
,2540,1900.6655,3,650.7
,2540,1900.6655,4,218.2
,2540,1900.6655,5,1031.7
,2541,45.432,3,45.4
,2545,876.5468,5,876.5
,2546,911.2673,5,911.3
,2548,120.1179,4,99.7
,2548,120.1179,5,20.5
,2549,222.9511,4,43.3
,2549,222.9511,5,179.7
,2550,3966.6591,5,3966.7
,2551,1397.7681,5,1397.8
,2555,26.981,1,8.4
,2555,26.981,2,18.6
,2556,40.2134,1,25.9
,2556,40.2134,2,14.3
,2557,37.1205,1,37.1
,2558,7.6039,1,7.6
,2559,4.3495,1,4.3
,2560,411.3136,1,103.3
,2560,411.3136,2,308.1
,2563,11.5603,1,11.6
,2564,9.0236,1,9.0
,2565,29.7009,1,29.7
,2566,28.3019,1,28.3
,2567,31.1557,1,31.2
,2568,34.0936,1,22.8
,2568,34.0936,2,11.3
,2569,26.7707,1,6.6
,2569,26.7707,2,20.2
,2570,469.0775,1,171.1
,2570,469.0775,2,201.9
,2570,469.0775,5,96.0
,2571,250.2842,2,188.8
,2571,250.2842,5,61.4
,2572,106.1734,5,106.2
,2573,16.9784,5,17.0
,2574,350.23,2,282.5
,2574,350.23,3,2.7
,2574,350.23,5,65.0
,2575,981.4743,2,95.6
,2575,981.4743,3,247.9
,2575,981.4743,5,638.0
,2576,174.2442,3,174.2
,2577,1312.519,2,26.9
,2577,1312.519,3,376.3
,2577,1312.519,5,909.2
,2578,47.9223,3,8.7
,2578,47.9223,5,39.2
,2579,860.117,3,25.2
,2579,860.117,5,834.9
,2580,5512.6655,3,778.8
,2580,5512.6655,5,4733.9
,2581,2106.6075,5,2106.6
,2582,3130.1184,4,363.2
,2582,3130.1184,5,2766.9
,2583,3382.6891,5,3382.7
,2584,281.3129,5,281.3
,2585,260.132,5,260.1
,2586,2323.2503,5,2323.3
,2587,921.8587,4,19.8
,2587,921.8587,5,902.1
,2588,218.0548,5,218.1
,2590,1320.4637,4,675.6
,2590,1320.4637,5,644.8
,2594,2418.7155,4,219.8
,2594,2418.7155,5,2199.0
,2600,23.345,1,23.3
,2601,15.233,1,15.2
,2602,21.9723,1,22.0
,2603,9.2066,1,9.2
,2604,5.4946,1,5.5
,2605,9.2938,1,9.3
,2606,9.0325,1,9.0
,2607,10.2741,1,10.3
,2609,127.7951,1,127.8
,2611,1558.6312,1,70.2
,2611,1558.6312,2,156.6
,2611,1558.6312,5,1331.8
,2612,9.4532,1,9.5
,2614,11.1345,1,11.1
,2615,36.9984,1,37.0
,2617,37.0115,1,37.0
,2618,216.6295,1,74.7
,2618,216.6295,2,141.9
,2619,11.3316,1,10.8
,2619,11.3316,2,0.5
,2620,2869.8201,1,96.1
,2620,2869.8201,2,932.8
,2620,2869.8201,5,1840.8
,2621,853.2512,2,59.6
,2621,853.2512,5,793.7
,2622,4256.1145,5,4256.1
,2623,166.9084,5,166.9
,2624,348.5647,5,348.6
,2625,1.0856,5,1.1
,2626,383.5704,5,383.6
,2627,1994.6112,5,1994.6
,2628,2337.0094,5,2337.0
,2629,2054.5144,5,2054.5
,2630,4206.3548,4,127.3
,2630,4206.3548,5,4079.1
,2631,1199.4934,5,1199.5
,2632,1824.9879,5,1825.0
,2633,766.4927,5,766.5
,2640,1029.4042,2,467.5
,2640,1029.4042,5,561.9
,2641,33.5384,2,33.5
,2642,4076.8,2,138.4
,2642,4076.8,5,3938.4
,2643,156.4024,5,156.4
,2644,2157.7365,5,2157.7
,2645,1181.6879,5,1181.7
,2646,2895.4549,4,77.1
,2646,2895.4549,5,2818.3
,2647,357.3501,4,18.6
,2647,357.3501,5,338.7
,2648,23909.7281,5,117.5
,2648,23909.7281,6,23792.2
,2649,247.113,5,247.1
,2650,4061.238,3,272.4
,2650,4061.238,5,3788.8
,2651,34.62,3,34.6
,2652,6116.1137,3,144.7
,2652,6116.1137,5,4886.3
,2652,6116.1137,6,1085.1
,2653,1228.8205,5,1228.8
,2655,427.2763,3,45.4
,2655,427.2763,5,381.9
,2656,1497.1368,5,1497.1
,2658,748.0545,5,748.1
,2659,367.5445,5,367.5
,2660,451.2793,5,451.3
,2661,14.7623,3,14.8
,2663,492.6429,5,492.6
,2665,4109.6274,5,4109.6
,2666,2462.5855,5,2462.6
,2668,708.1132,5,708.1
,2669,6295.346,5,3724.4
,2669,6295.346,6,2571.0
,2671,3297.7351,5,3297.7
,2672,1794.2389,6,1794.2
,2675,8518.5583,6,8518.6
,2678,3.5099,3,3.5
,2680,1894.4513,3,380.2
,2680,1894.4513,5,1514.2
,2681,471.7587,3,151.4
,2681,471.7587,5,320.4
,2700,3016.2983,5,3016.3
,2701,852.1158,5,852.1
,2702,439.8686,5,439.9
,2703,56.8879,4,56.9
,2705,1129.1529,4,274.6
,2705,1129.1529,5,854.5
,2706,725.4016,5,725.4
,2707,2112.3439,5,2112.3
,2710,10466.1631,4,143.2
,2710,10466.1631,5,9816.7
,2710,10466.1631,6,506.2
,2711,24180.255,5,2977.8
,2711,24180.255,6,21202.5
,2712,966.5102,5,966.5
,2713,970.31,5,970.3
,2714,708.9706,5,709.0
,2715,13749.9032,5,84.7
,2715,13749.9032,6,13665.2
,2716,2861.8271,5,2861.8
,2717,120.7928,3,108.3
,2717,120.7928,5,12.5
,2720,2485.6548,4,165.0
,2720,2485.6548,5,2320.6
,2721,539.5029,5,539.5
,2722,1576.1373,5,1576.1
,2725,262.3734,5,262.4
,2726,160.6689,5,160.7
,2727,772.9227,5,772.9
,2729,933.1202,5,933.1
,2730,420.4856,5,420.5
,2731,1428.1661,3,167.0
,2731,1428.1661,5,1261.2
,2732,1849.8263,5,1849.8
,2733,2279.3516,5,2279.4
,2734,1755.2448,4,1.7
,2734,1755.2448,5,1433.2
,2734,1755.2448,6,320.4
,2735,271.5656,5,271.6
,2736,213.1077,5,213.1
,2737,3345.8754,5,3103.5
,2737,3345.8754,6,242.4
,2738,2066.851,3,34.0
,2738,2066.851,6,2032.9
,2739,50.1706,3,50.2
,2745,168.7608,1,41.5
,2745,168.7608,2,127.2
,2747,55.0667,1,55.1
,2748,43.0734,1,43.1
,2749,47.0936,1,47.1
,2750,35.3705,1,35.4
,2752,53.5688,2,53.6
,2753,169.4419,1,102.5
,2753,169.4419,2,49.8
,2753,169.4419,5,17.1
,2754,34.3251,1,22.1
,2754,34.3251,2,12.2
,2756,1486.8709,1,89.2
,2756,1486.8709,2,111.2
,2756,1486.8709,5,1286.5
,2757,8.3269,2,8.3
,2758,572.1443,2,155.3
,2758,572.1443,5,416.8
,2759,15.5979,1,15.6
,2760,19.9308,1,19.9
,2761,14.7648,1,14.8
,2762,12.5171,1,12.5
,2763,13.0157,1,13.0
,2765,127.5271,1,107.1
,2765,127.5271,2,20.5
,2766,27.2383,1,27.2
,2767,10.1088,1,10.1
,2768,9.0194,1,9.0
,2769,4.6534,1,4.7
,2770,24.7303,1,24.7
,2773,8.3936,1,8.4
,2774,21.2999,1,21.3
,2775,833.1402,2,1.2
,2775,833.1402,5,832.0
,2776,14.932,1,14.9
,2777,54.7327,1,54.7
,2778,20.9602,1,21.0
,2779,12.4995,1,12.5
,2780,38.4603,1,27.9
,2780,38.4603,3,10.2
,2780,38.4603,5,0.4
,2782,21.0358,1,21.0
,2783,7.2887,1,7.3
,2784,6.1389,1,6.1
,2785,128.6447,3,111.8
,2785,128.6447,5,16.9
,2786,84.7603,3,2.1
,2786,84.7603,5,82.6
,2787,4632.7818,1,0.5
,2787,4632.7818,3,2.3
,2787,4632.7818,5,4629.9
,2790,2481.3231,4,299.7
,2790,2481.3231,5,2181.6
,2791,184.9651,5,185.0
,2792,369.6931,5,369.7
,2793,648.0055,5,648.0
,2794,1408.2658,4,391.7
,2794,1408.2658,5,1016.6
,2795,5307.5248,3,768.4
,2795,5307.5248,5,4539.1
,2797,147.8245,5,147.8
,2798,268.7089,3,40.4
,2798,268.7089,5,228.3
,2799,630.7998,3,84.1
,2799,630.7998,5,546.7
,2800,1993.9511,3,592.3
,2800,1993.9511,5,1401.7
,2803,342.0982,5,342.1
,2804,878.0498,5,878.0
,2805,289.854,5,289.9
,2806,519.6961,5,519.7
,2807,299.7008,5,299.7
,2808,242.5414,5,242.5
,2809,163.0067,5,163.0
,2810,2658.971,5,2659.0
,2817,961.4848,5,961.5
,2818,471.7655,5,471.8
,2820,2438.751,5,2438.8
,2821,2339.8603,5,2339.9
,2822,501.7243,5,501.7
,2823,2782.3577,5,2782.4
,2824,4843.6,5,3.0
,2824,4843.6,6,4840.6
,2825,7188.4073,6,7188.4
,2826,1153.7892,6,1153.8
,2827,2964.6885,5,2964.7
,2828,2375.64,5,658.8
,2828,2375.64,6,1716.8
,2829,6318.8294,6,6318.8
,2830,3017.4938,3,612.4
,2830,3017.4938,5,2405.1
,2831,22389.3649,3,4.9
,2831,22389.3649,5,734.7
,2831,22389.3649,6,18069.0
,2831,22389.3649,7,3580.8
,2832,9695.0643,6,7891.7
,2832,9695.0643,7,1803.4
,2833,5044.6803,6,5044.7
,2834,2828.007,6,2617.4
,2834,2828.007,7,210.6
,2835,29975.1826,6,2258.7
,2835,29975.1826,7,27716.5
,2836,31517.8004,7,31517.8
,2838,3487.8165,7,3487.8
,2839,12282.839,7,12282.8
,2840,62474.6022,7,62474.6
,2842,1317.6706,5,1317.7
,2843,1590.9154,5,1590.9
,2844,1821.5658,5,1821.6
,2845,67.0705,5,67.1
,2846,591.8498,5,591.8
,2847,98.897,5,98.9
,2848,166.2149,5,166.2
,2849,2801.0405,5,2801.0
,2850,6005.3758,4,271.5
,2850,6005.3758,5,5733.8
,2852,1240.991,5,1241.0
,2864,438.2457,5,438.2
,2865,620.1745,5,620.2
,2866,1198.7089,5,1198.7
,2867,1042.378,5,1042.4
,2868,777.9814,5,778.0
,2869,2103.7978,5,2103.8
,2870,2453.9995,4,234.8
,2870,2453.9995,5,2219.2
,2871,3837.8532,4,241.2
,2871,3837.8532,5,3596.7
,2873,3202.9936,6,3203.0
,2874,1358.1326,5,829.8
,2874,1358.1326,6,528.4
,2875,2311.0022,5,1646.0
,2875,2311.0022,6,665.0
,2876,935.4993,5,935.5
,2877,15332.1603,5,825.8
,2877,15332.1603,6,14506.4
,2878,18261.1234,6,3149.8
,2878,18261.1234,7,15111.3
,2879,13320.0094,6,2115.4
,2879,13320.0094,7,11204.6
,2880,66191.4077,3,170.1
,2880,66191.4077,6,44674.7
,2880,66191.4077,7,21346.6
,2898,16.2918,7,16.3
,2899,38.651,7,38.7
,2900,101.0226,1,25.4
,2900,101.0226,2,75.6
,2902,11.3361,1,11.3
,2903,6.484,1,6.5
,2904,9.7514,1,9.8
,2905,19.8141,1,19.8
,2906,11.2186,1,11.2
,2911,5.0536,1,5.1
,2912,31.9188,1,31.9
,2913,21.81,1,21.8
,2914,16.4832,1,16.5
,3000,2.4814,1,2.5
,3002,1.8557,1,1.9
,3003,6.5822,1,6.6
,3004,4.0421,1,4.0
,3006,1.8542,1,1.9
,3008,3.148,1,3.1
,3011,5.9664,1,6.0
,3012,15.258,1,15.3
,3013,5.6587,1,5.7
,3015,8.8059,1,8.8
,3016,7.3729,1,7.4
,3018,17.6826,1,17.7
,3019,4.3246,1,4.3
,3020,25.1062,1,25.1
,3021,19.4985,1,19.5
,3022,2.1307,1,2.1
,3023,39.5156,1,39.5
,3024,143.8812,1,75.2
,3024,143.8812,2,68.7
,3025,14.0387,1,14.0
,3026,28.0154,1,28.0
,3027,3.8324,1,3.8
,3028,15.9215,1,15.9
,3029,117.7951,1,117.8
,3030,240.1449,1,89.0
,3030,240.1449,2,151.1
,3031,5.0163,1,5.0
,3032,9.7503,1,9.7
,3033,9.0694,1,9.1
,3034,5.4087,1,5.4
,3036,18.1531,1,18.2
,3037,22.5466,1,22.5
,3038,13.3509,1,13.4
,3039,4.3551,1,4.4
,3040,8.7364,1,8.7
,3041,8.2317,1,8.2
,3042,8.8886,1,8.9
,3043,12.4013,1,12.4
,3044,8.0231,1,8.0
,3045,27.0408,1,27.0
,3046,14.2984,1,14.3
,3047,11.4857,1,11.5
,3048,7.7607,1,7.8
,3049,10.072,1,10.1
,3051,2.3457,1,2.3
,3052,4.0649,1,4.1
,3053,1.749,1,1.7
,3054,2.3042,1,2.3
,3055,3.2333,1,3.2
,3056,4.9839,1,5.0
,3057,2.2572,1,2.3
,3058,11.7022,1,11.7
,3059,30.5625,1,30.6
,3060,5.2301,1,5.2
,3061,12.247,1,12.2
,3062,5.4102,1,5.4
,3063,45.0391,1,45.0
,3064,132.217,1,132.2
,3065,1.4195,1,1.4
,3066,1.3265,1,1.3
,3067,1.8302,1,1.8
,3068,4.0529,1,4.1
,3070,6.0094,1,6.0
,3071,5.1328,1,5.1
,3072,11.4069,1,11.4
,3073,19.0274,1,19.0
,3074,14.7441,1,14.7
,3075,7.7247,1,7.7
,3076,35.2737,1,35.3
,3078,6.3555,1,6.4
,3079,7.5901,1,7.6
,3081,6.231,1,6.2
,3082,13.066,1,13.1
,3083,18.5062,1,18.5
,3084,13.1099,1,13.1
,3085,7.5041,1,7.5
,3087,3.7508,1,3.8
,3088,13.2315,1,13.2
,3089,17.836,1,17.8
,3090,10.9752,1,11.0
,3091,15.3453,1,15.3
,3093,6.8224,1,6.8
,3094,3.8318,1,3.8
,3095,30.2143,1,30.2
,3096,8.9885,1,9.0
,3097,39.7808,1,21.0
,3097,39.7808,2,18.7
,3099,99.9978,1,29.0
,3099,99.9978,2,71.0
,3101,10.4848,1,10.5
,3102,4.0647,1,4.1
,3103,5.2739,1,5.3
,3104,9.0929,1,9.1
,3105,6.5138,1,6.5
,3106,16.1176,1,16.1
,3107,5.9227,1,5.9
,3108,8.8038,1,8.8
,3109,11.1081,1,11.1
,3111,11.691,1,11.7
,3113,26.1086,1,26.1
,3114,9.4751,1,9.5
,3115,23.2172,1,16.1
,3115,23.2172,2,7.1
,3116,22.2024,1,22.2
,3121,6.2124,1,6.2
,3122,5.8773,1,5.9
,3123,3.4843,1,3.5
,3124,7.589,1,7.6
,3125,6.0826,1,6.1
,3126,3.1303,1,3.1
,3127,6.1341,1,6.1
,3128,7.0123,1,7.0
,3129,6.1311,1,6.1
,3130,12.2042,1,12.2
,3131,9.1487,1,9.1
,3132,6.6271,1,6.6
,3133,10.7938,1,10.8
,3134,22.8758,1,22.9
,3135,9.183,1,9.2
,3136,23.0084,1,23.0
,3137,12.6832,1,12.7
,3138,12.5016,1,12.5
,3139,238.1913,1,38.8
,3139,238.1913,2,197.4
,3139,238.1913,5,2.0
,3140,29.1737,1,29.2
,3141,3.5475,1,3.5
,3142,4.2727,1,4.3
,3143,2.1647,1,2.2
,3144,3.4212,1,3.4
,3145,8.9808,1,9.0
,3146,8.2367,1,8.2
,3147,5.4627,1,5.5
,3148,2.9967,1,3.0
,3149,15.1846,1,15.2
,3150,27.2797,1,27.3
,3151,4.2629,1,4.3
,3152,22.2598,1,22.3
,3153,14.4818,1,14.5
,3154,6.3676,1,6.4
,3155,11.3404,1,11.3
,3156,53.5101,1,53.5
,3158,6.2172,1,6.2
,3159,14.0266,1,14.0
,3160,20.945,1,20.9
,3161,4.2015,1,4.2
,3162,4.7426,1,4.7
,3163,7.213,1,7.2
,3165,9.0148,1,9.0
,3166,8.4651,1,8.5
,3167,6.6515,1,6.7
,3168,9.4112,1,9.4
,3169,11.4472,1,11.4
,3170,10.7189,1,10.7
,3171,11.0861,1,11.1
,3172,12.7476,1,12.7
,3173,21.7137,1,21.7
,3174,12.3027,1,12.3
,3175,73.8315,1,73.8
,3177,5.1935,1,5.2
,3178,21.7653,1,21.8
,3179,8.6902,1,8.7
,3180,5.6689,1,5.7
,3181,2.914,1,2.9
,3182,3.7075,1,3.7
,3183,3.0288,1,3.0
,3184,2.5953,1,2.6
,3185,3.1474,1,3.1
,3186,8.3701,1,8.4
,3187,5.6196,1,5.6
,3188,5.746,1,5.7
,3189,4.5832,1,4.6
,3190,3.6581,1,3.7
,3191,3.7129,1,3.7
,3192,10.5931,1,10.6
,3193,8.3259,1,8.3
,3194,7.5255,1,7.5
,3195,24.4768,1,24.5
,3196,10.6833,1,10.7
,3197,5.8242,1,5.8
,3198,12.3974,1,12.4
,3199,34.3393,1,34.3
,3200,5.1183,1,5.1
,3201,20.308,1,20.3
,3202,7.1165,1,7.1
,3204,8.3629,1,8.4
,3205,2.1899,1,2.2
,3206,3.6867,1,3.7
,3207,9.6687,1,9.7
,3211,181.1975,2,181.2
,3212,189.5698,1,52.1
,3212,189.5698,2,137.5
,3213,250.7679,1,11.4
,3213,250.7679,2,198.2
,3213,250.7679,5,41.1
,3214,27.2177,1,27.2
,3215,17.082,1,17.1
,3216,49.7062,1,38.7
,3216,49.7062,2,11.0
,3217,134.8365,1,60.7
,3217,134.8365,2,74.1
,3218,90.8863,1,29.6
,3218,90.8863,2,27.7
,3218,90.8863,4,33.6
,3219,15.7874,1,15.8
,3220,11.5417,1,11.5
,3221,111.2254,2,42.2
,3221,111.2254,5,69.0
,3222,145.1237,2,145.1
,3223,71.8555,3,56.3
,3223,71.8555,4,15.5
,3224,62.5186,1,48.0
,3224,62.5186,2,14.5
,3225,31.7232,2,22.0
,3225,31.7232,3,9.7
,3226,18.5052,2,18.5
,3227,74.2735,1,10.6
,3227,74.2735,2,63.7
,3228,102.7527,2,102.8
,3230,96.7604,3,6.9
,3230,96.7604,5,89.9
,3231,58.6744,5,58.7
,3232,102.6521,5,102.7
,3233,186.9825,5,187.0
,3234,150.5727,5,150.6
,3235,190.3812,5,190.4
,3236,47.6929,5,47.7
,3237,378.1372,5,378.1
,3238,234.6113,5,234.6
,3239,383.6799,5,383.7
,3240,218.0904,2,94.9
,3240,218.0904,5,123.2
,3241,620.1286,5,620.1
,3242,132.3472,5,132.3
,3243,257.6269,5,257.6
,3249,1244.1821,4,345.6
,3249,1244.1821,5,898.6
,3250,82.9772,4,83.0
,3251,292.1002,5,292.1
,3254,17.6413,4,17.6
,3260,1107.7264,5,1107.7
,3264,119.3816,5,119.4
,3265,895.864,3,3.0
,3265,895.864,5,892.8
,3266,568.1108,5,568.1
,3267,93.4998,5,93.5
,3268,585.1451,5,585.1
,3269,201.1353,5,201.1
,3270,40.1269,5,40.1
,3271,436.6505,5,436.7
,3272,673.721,5,673.7
,3273,223.5373,5,223.5
,3274,276.6066,5,276.6
,3275,16.1264,3,16.1
,3276,334.9388,5,334.9
,3277,211.9207,3,85.6
,3277,211.9207,5,126.3
,3278,61.077,3,61.1
,3279,125.9759,3,41.9
,3279,125.9759,5,84.1
,3280,77.5082,3,77.5
,3281,160.21,3,160.2
,3282,62.7127,3,62.7
,3283,382.9763,3,56.3
,3283,382.9763,5,326.7
,3284,221.4754,3,2.7
,3284,221.4754,5,218.8
,3285,411.2,3,9.0
,3285,411.2,5,402.2
,3286,389.2015,5,389.2
,3287,330.531,5,330.5
,3289,567.1775,5,567.2
,3292,225.208,5,225.2
,3293,482.5043,5,482.5
,3294,931.4482,5,931.4
,3300,322.628,4,198.3
,3300,322.628,5,124.3
,3301,979.2958,5,979.3
,3302,424.7183,5,424.7
,3303,483.4426,5,483.4
,3304,1981.3984,5,1981.4
,3305,801.8053,4,157.6
,3305,801.8053,5,644.2
,3309,113.6684,5,113.7
,3310,123.2041,5,123.2
,3311,371.1008,5,371.1
,3312,2976.5808,5,2976.6
,3314,1399.1395,5,1399.1
,3315,1324.8193,5,1324.8
,3317,383.5895,5,383.6
,3318,1302.0623,5,1302.1
,3319,578.9439,5,578.9
,3321,327.7169,5,327.7
,3322,114.677,5,114.7
,3323,225.9969,5,226.0
,3324,390.3996,5,390.4
,3325,494.5392,5,494.5
,3328,60.7586,4,13.1
,3328,60.7586,5,47.6
,3329,296.2173,5,296.2
,3330,186.7436,5,186.7
,3331,264.0579,2,140.5
,3331,264.0579,4,58.5
,3331,264.0579,5,65.0
,3332,88.3235,4,2.8
,3332,88.3235,5,85.5
,3333,241.7508,5,241.8
,3334,257.5762,2,139.5
,3334,257.5762,5,118.1
,3335,55.0875,1,55.1
,3336,38.1776,1,38.2
,3337,154.9073,1,106.2
,3337,154.9073,2,48.7
,3338,113.0558,1,41.5
,3338,113.0558,2,71.6
,3340,600.3246,1,17.7
,3340,600.3246,2,276.7
,3340,600.3246,3,143.5
,3340,600.3246,5,162.4
,3341,156.4306,2,24.4
,3341,156.4306,3,0.9
,3341,156.4306,5,131.1
,3342,446.8081,5,446.8
,3345,46.1058,2,21.4
,3345,46.1058,5,24.7
,3350,86.7261,2,86.7
,3351,1517.8621,2,344.2
,3351,1517.8621,5,1173.6
,3352,1919.9313,2,1057.4
,3352,1919.9313,5,862.5
,3355,30.3597,2,30.4
,3356,13.8417,2,13.8
,3357,25.4355,2,25.4
,3358,4.9151,2,4.9
,3360,287.3113,5,287.3
,3361,463.5322,5,463.5
,3363,161.8011,2,125.1
,3363,161.8011,5,36.7
,3364,584.9719,2,175.6
,3364,584.9719,5,409.4
,3370,272.5268,5,272.5
,3371,311.63,5,311.6
,3373,888.3971,5,888.4
,3374,154.9187,5,154.9
,3375,367.2823,5,367.3
,3377,1324.6382,4,282.1
,3377,1324.6382,5,1042.6
,3378,308.3383,5,308.3
,3379,1386.9432,5,1386.9
,3380,93.1404,4,93.1
,3381,783.8126,4,27.3
,3381,783.8126,5,756.5
,3384,625.3895,5,625.4
,3385,836.426,4,73.4
,3385,836.426,5,763.0
,3387,882.9256,4,22.5
,3387,882.9256,5,860.4
,3388,494.6358,5,494.6
,3390,440.0354,5,440.0
,3391,343.867,5,343.9
,3392,609.7559,5,609.8
,3393,1395.0468,5,1395.0
,3395,833.6486,5,73.5
,3395,833.6486,6,760.1
,3396,914.866,6,914.9
,3400,23.8292,3,23.8
,3401,4611.4465,3,699.7
,3401,4611.4465,5,3911.8
,3407,581.2878,5,581.3
,3409,1588.7818,5,1588.8
,3412,323.2481,5,323.2
,3413,977.4022,5,977.4
,3414,693.9583,5,694.0
,3415,47.4742,5,47.5
,3418,2954.2891,5,2954.3
,3419,1027.2714,5,1027.3
,3420,1674.1958,5,792.2
,3420,1674.1958,6,882.0
,3423,716.2215,5,716.2
,3424,1363.5154,6,1363.5
,3427,67.7506,1,67.8
,3428,33.6846,1,33.7
,3429,173.6279,1,87.6
,3429,173.6279,2,86.1
,3430,86.8846,1,14.8
,3430,86.8846,2,72.1
,3431,72.5941,3,30.3
,3431,72.5941,5,42.3
,3432,27.6545,2,27.7
,3433,25.7516,5,25.8
,3434,167.1149,5,167.1
,3435,263.3536,5,263.4
,3437,184.8321,2,34.6
,3437,184.8321,3,31.1
,3437,184.8321,4,45.5
,3437,184.8321,5,73.7
,3438,26.2249,3,7.6
,3438,26.2249,4,18.6
,3440,38.9733,4,39.0
,3441,34.0169,4,34.0
,3442,275.7369,4,5.8
,3442,275.7369,5,269.9
,3444,935.7371,5,935.7
,3446,88.1952,4,11.0
,3446,88.1952,5,77.2
,3447,47.9579,5,48.0
,3448,220.36,4,11.7
,3448,220.36,5,208.6
,3450,22.8791,4,22.9
,3451,311.8368,4,272.8
,3451,311.8368,5,39.1
,3453,171.696,2,171.7
,3458,351.9543,5,352.0
,3460,45.0525,5,45.1
,3461,551.8473,5,551.8
,3462,139.6158,4,19.2
,3462,139.6158,5,120.5
,3463,530.6538,4,73.1
,3463,530.6538,5,457.5
,3464,116.2721,4,4.2
,3464,116.2721,5,112.1
,3465,880.5183,4,129.5
,3465,880.5183,5,751.0
,3467,102.8086,5,102.8
,3468,222.4462,5,222.4
,3469,228.7419,5,228.7
,3472,461.4507,5,461.5
,3475,508.9179,5,508.9
,3477,2037.7764,5,2037.8
,3478,488.8625,5,488.9
,3480,1438.5685,5,1438.6
,3482,517.7201,5,517.7
,3483,1177.4827,5,1177.5
,3485,627.4353,5,627.4
,3487,317.5964,5,317.6
,3488,307.5921,5,307.6
,3489,453.1693,5,453.2
,3490,15437.9491,5,8593.4
,3490,15437.9491,6,6844.5
,3491,1143.6908,5,1143.7
,3494,930.7194,5,930.7
,3496,3380.7812,3,106.7
,3496,3380.7812,5,3274.1
,3498,64.5178,3,64.5
,3500,78.0417,3,75.8
,3500,78.0417,5,2.2
,3501,1022.8815,3,24.1
,3501,1022.8815,5,998.8
,3505,537.6072,3,102.0
,3505,537.6072,5,435.6
,3506,433.4114,6,433.4
,3507,462.7314,5,462.7
,3509,619.975,6,620.0
,3512,1290.4311,6,1290.4
,3515,226.4581,2,201.0
,3515,226.4581,5,25.4
,3516,340.6389,2,74.6
,3516,340.6389,5,266.0
,3517,999.1275,5,999.1
,3518,1130.4477,5,1130.4
,3520,100.0511,5,100.1
,3521,115.8073,5,115.8
,3522,193.6226,5,193.6
,3523,680.5253,5,680.5
,3525,1065.8325,5,1065.8
,3527,1187.3064,5,1187.3
,3529,291.6863,5,291.7
,3530,485.3808,5,485.4
,3531,331.7689,5,331.8
,3533,1361.3987,5,1361.4
,3537,781.5452,5,781.5
,3540,521.4988,5,521.5
,3542,394.0098,5,394.0
,3544,1004.3354,5,1004.3
,3546,1235.9728,5,1236.0
,3549,980.3663,5,980.4
,3550,52.7325,2,52.7
,3551,1767.4856,2,976.2
,3551,1767.4856,5,791.3
,3555,40.9147,2,40.9
,3556,253.373,2,253.4
,3557,268.6411,2,180.6
,3557,268.6411,5,88.0
,3558,345.8443,5,345.8
,3559,567.1549,5,567.2
,3561,645.1897,3,26.7
,3561,645.1897,5,618.5
,3562,141.044,5,141.0
,3563,119.7043,5,119.7
,3564,640.5675,3,376.4
,3564,640.5675,5,264.2
,3565,57.3943,5,57.4
,3566,131.5341,5,131.5
,3567,159.5244,5,159.5
,3568,514.4433,5,514.4
,3570,570.2825,2,78.5
,3570,570.2825,5,491.7
,3571,348.6153,5,348.6
,3572,274.0718,5,274.1
,3573,630.2312,5,630.2
,3575,782.5248,5,782.5
,3576,146.0941,5,146.1
,3579,1943.5644,5,1943.6
,3580,59.0798,5,59.1
,3581,144.6021,5,144.6
,3583,28.7574,5,28.8
,3584,100.7873,5,100.8
,3585,1073.5597,4,126.6
,3585,1073.5597,5,947.0
,3586,210.9292,4,69.0
,3586,210.9292,5,142.0
,3588,32.8501,4,32.9
,3589,30.1912,4,13.2
,3589,30.1912,5,17.0
,3590,32.6283,5,32.6
,3591,18.9119,5,18.9
,3594,29.0315,5,29.0
,3595,36.5777,5,36.6
,3596,141.1499,5,141.1
,3597,1149.0146,5,1149.0
,3599,163.9824,5,164.0
,3607,80.6847,5,80.7
,3608,532.8675,5,532.9
,3610,264.407,5,264.4
,3612,469.4716,5,469.5
,3614,84.8059,3,68.2
,3614,84.8059,5,16.6
,3616,280.6496,3,108.9
,3616,280.6496,5,171.7
,3617,33.3432,5,33.3
,3618,55.8419,5,55.8
,3620,360.1536,4,144.1
,3620,360.1536,5,216.1
,3621,186.7948,3,47.7
,3621,186.7948,4,27.1
,3621,186.7948,5,112.0
,3622,163.4506,3,163.5
,3623,130.4296,5,130.4
,3624,84.0851,5,84.1
,3629,306.9258,3,170.4
,3629,306.9258,5,136.6
,3630,141.9294,3,42.9
,3630,141.9294,5,99.0
,3631,642.0731,3,418.2
,3631,642.0731,5,223.9
,3633,54.1272,3,54.1
,3634,309.0822,3,168.9
,3634,309.0822,5,140.2
,3635,181.4429,5,181.4
,3636,393.6823,5,393.7
,3637,231.2211,5,231.2
,3638,445.6388,5,445.6
,3639,500.3659,5,500.4
,3640,163.882,5,163.9
,3641,252.735,5,252.7
,3644,474.9207,4,400.9
,3644,474.9207,5,74.0
,3646,340.9775,5,341.0
,3647,16.4971,5,16.5
,3649,162.0912,5,162.1
,3658,565.5683,4,53.6
,3658,565.5683,5,512.0
,3659,177.9421,4,1.4
,3659,177.9421,5,176.5
,3660,629.2936,4,213.3
,3660,629.2936,5,416.0
,3662,412.6574,5,412.7
,3663,68.6945,5,68.7
,3664,228.9422,5,228.9
,3665,185.2391,5,185.2
,3666,1367.6298,5,1367.6
,3669,835.6248,5,835.6
,3670,253.1654,5,253.2
,3672,315.3043,4,315.3
,3673,897.1911,5,897.2
,3675,478.2077,3,51.0
,3675,478.2077,5,427.2
,3677,48.7989,3,48.8
,3678,2455.1901,3,653.4
,3678,2455.1901,5,1801.8
,3682,340.659,3,37.7
,3682,340.659,5,302.9
,3683,267.4078,5,267.4
,3685,351.3304,4,162.5
,3685,351.3304,5,188.9
,3687,36.5587,4,36.6
,3688,191.8088,2,139.8
,3688,191.8088,5,52.0
,3690,81.556,2,81.6
,3691,1836.0219,2,485.6
,3691,1836.0219,5,1350.4
,3695,181.8809,2,45.4
,3695,181.8809,5,136.5
,3697,140.6154,5,140.6
,3698,48.8349,5,48.8
,3699,502.9748,5,503.0
,3700,279.7447,5,279.7
,3701,3023.1179,5,3023.1
,3704,168.3608,5,168.4
,3705,238.419,5,238.4
,3707,2318.0758,5,2318.1
,3708,75.4363,5,75.4
,3709,542.5545,5,542.6
,3711,61.3675,5,61.4
,3712,328.1289,5,328.1
,3713,675.9291,5,675.9
,3714,618.0037,5,618.0
,3715,235.2731,5,235.3
,3717,1053.3242,5,1053.3
,3718,88.3678,5,88.4
,3719,236.4606,5,236.5
,3720,192.6304,5,192.6
,3722,404.0425,5,404.0
,3723,3119.7244,5,3119.7
,3725,309.469,5,309.5
,3726,245.464,5,245.5
,3727,246.6493,5,246.6
,3728,376.2679,5,376.3
,3730,485.6681,4,97.8
,3730,485.6681,5,387.8
,3732,254.3079,5,254.3
,3733,57.6719,5,57.7
,3735,208.1647,5,208.2
,3737,1740.7366,5,1740.7
,3738,27.746,5,27.7
,3739,53.4715,5,53.5
,3740,679.6769,5,679.7
,3741,752.342,5,752.3
,3744,43.9889,5,44.0
,3746,56.3173,3,29.1
,3746,56.3173,5,27.2
,3747,423.8099,5,423.8
,3749,186.7638,2,42.8
,3749,186.7638,5,144.0
,3750,53.892,1,53.9
,3751,27.2386,1,27.2
,3752,21.4539,1,21.5
,3753,111.7189,1,6.5
,3753,111.7189,2,105.2
,3754,56.0586,1,56.1
,3755,28.3934,1,28.4
,3756,200.8844,1,17.9
,3756,200.8844,2,83.1
,3756,200.8844,5,99.9
,3757,285.4996,1,5.4
,3757,285.4996,2,141.0
,3757,285.4996,5,139.1
,3758,44.7055,2,18.7
,3758,44.7055,4,9.3
,3758,44.7055,5,16.6
,3759,21.0901,1,11.9
,3759,21.0901,2,9.2
,3760,14.7523,2,14.8
,3761,39.79,2,39.8
,3762,40.5926,2,29.3
,3762,40.5926,5,11.2
,3763,115.1449,2,38.4
,3763,115.1449,5,76.7
,3764,439.0863,4,147.7
,3764,439.0863,5,291.4
,3765,11.0304,1,11.0
,3766,8.4659,1,8.5
,3767,7.9363,1,7.9
,3770,135.0123,1,51.1
,3770,135.0123,2,83.9
,3775,173.7615,2,173.8
,3777,373.3849,2,40.2
,3777,373.3849,4,159.5
,3777,373.3849,5,173.7
,3778,220.4256,4,45.8
,3778,220.4256,5,174.6
,3779,580.4188,5,580.4
,3781,42.3677,1,38.4
,3781,42.3677,2,3.9
,3782,88.6992,1,88.7
,3783,202.3353,1,16.0
,3783,202.3353,2,61.8
,3783,202.3353,5,124.5
,3785,5.512,1,5.5
,3786,4.5146,1,4.5
,3787,3.4167,1,3.4
,3788,17.7524,1,17.8
,3789,6.6593,1,6.7
,3791,12.0532,1,12.1
,3792,3.9761,1,4.0
,3793,19.8847,1,19.9
,3795,30.1745,1,30.2
,3796,16.9894,1,17.0
,3797,142.6249,2,6.2
,3797,142.6249,5,136.4
,3799,706.2156,2,2.8
,3799,706.2156,5,703.4
,3802,15.1323,1,15.1
,3803,8.415,1,8.4
,3804,31.6453,1,31.6
,3805,27.578,1,27.6
,3806,45.7677,1,45.8
,3807,14.697,1,14.7
,3808,35.2809,1,35.3
,3809,48.0637,1,23.8
,3809,48.0637,2,24.2
,3810,142.7164,1,67.0
,3810,142.7164,2,75.7
,3812,97.376,1,2.7
,3812,97.376,2,94.7
,3813,69.6945,2,69.7
,3814,77.7275,2,70.7
,3814,77.7275,5,7.0
,3815,103.9187,4,16.5
,3815,103.9187,5,87.4
,3816,151.417,4,81.4
,3816,151.417,5,70.0
,3818,279.626,4,124.5
,3818,279.626,5,155.1
,3820,74.2902,4,74.3
,3821,298.5327,4,109.5
,3821,298.5327,5,189.0
,3822,62.764,4,62.8
,3823,122.4606,3,46.6
,3823,122.4606,5,75.9
,3824,213.4934,3,183.2
,3824,213.4934,5,30.3
,3825,1871.9394,3,296.3
,3825,1871.9394,5,1575.7
,3831,176.2022,5,176.2
,3832,52.414,5,52.4
,3833,931.5574,5,931.6
,3835,65.7048,5,65.7
,3840,341.1902,3,164.4
,3840,341.1902,4,98.6
,3840,341.1902,5,78.1
,3842,21.4535,3,21.5
,3844,577.0376,3,306.0
,3844,577.0376,5,271.0
,3847,485.7597,5,485.8
,3850,48.6122,4,48.6
,3851,1883.4399,4,339.2
,3851,1883.4399,5,1544.2
,3852,8.6506,4,8.7
,3854,172.3629,3,165.3
,3854,172.3629,5,7.0
,3856,148.7576,3,41.0
,3856,148.7576,5,107.7
,3857,67.568,5,67.6
,3858,2574.771,5,2574.8
,3859,193.1815,5,193.2
,3860,1396.8374,5,1396.8
,3862,3055.3476,4,34.3
,3862,3055.3476,5,3021.0
,3864,187.1784,5,187.2
,3865,12.9135,5,12.9
,3869,97.2314,5,97.2
,3870,273.5315,5,273.5
,3871,291.253,5,291.3
,3873,92.7613,5,92.8
,3874,269.2634,5,257.8
,3874,269.2634,6,11.5
,3875,2405.0453,4,300.3
,3875,2405.0453,5,2104.7
,3878,18.0798,5,18.1
,3880,167.6982,5,167.7
,3882,68.2582,4,37.5
,3882,68.2582,5,30.7
,3885,3509.4039,5,2180.5
,3885,3509.4039,6,1328.9
,3886,55.2811,5,55.3
,3887,318.8285,5,318.8
,3888,3372.9732,5,863.2
,3888,3372.9732,6,2509.8
,3889,1714.1053,5,352.7
,3889,1714.1053,6,1361.4
,3890,1717.2022,6,1717.2
,3891,1330.8744,6,1330.9
,3892,243.8424,6,243.8
,3893,528.0895,5,528.1
,3895,286.7583,5,286.8
,3896,1097.7093,5,1097.7
,3898,1392.3469,5,1392.3
,3900,1211.4742,5,1211.5
,3902,26.4884,5,26.5
,3903,41.6349,5,41.6
,3904,27.6078,5,27.6
,3909,327.2096,4,146.9
,3909,327.2096,5,180.3
,3910,28.8446,1,28.8
,3911,18.6901,1,18.7
,3912,72.3275,1,72.3
,3913,23.6157,1,23.6
,3915,64.8347,1,64.8
,3916,35.1777,2,35.2
,3918,17.216,1,17.2
,3919,6.5625,1,6.6
,3920,15.4031,1,15.4
,3921,170.2291,6,170.2
,3922,67.9514,4,68.0
,3923,17.4334,4,17.4
,3925,30.7786,4,8.2
,3925,30.7786,5,22.5
,3926,54.1204,1,28.9
,3926,54.1204,2,25.2
,3927,14.9111,1,14.9
,3928,28.7388,2,28.7
,3929,55.132,2,55.1
,3930,23.2077,1,23.2
,3931,21.0928,1,21.1
,3933,42.8797,1,42.9
,3934,30.2094,1,30.2
,3936,45.0575,1,45.1
,3937,38.6917,2,38.7
,3938,4.2898,1,4.3
,3939,98.5117,1,33.0
,3939,98.5117,2,65.5
,3940,4.6396,1,4.6
,3941,24.3906,1,24.4
,3942,6.2857,1,6.3
,3943,7.0136,1,7.0
,3944,11.3277,1,11.3
,3945,153.6199,5,153.6
,3946,46.1603,5,46.2
,3950,120.9764,5,121.0
,3951,167.0977,4,9.6
,3951,167.0977,5,157.5
,3953,504.8299,4,337.8
,3953,504.8299,5,167.0
,3954,36.807,4,36.8
,3956,498.4632,5,498.5
,3957,65.313,5,65.3
,3958,108.9795,5,109.0
,3959,211.6176,5,211.6
,3960,831.5162,5,831.5
,3962,150.239,5,150.2
,3964,2.8934,5,2.9
,3965,8.8662,5,8.9
,3966,124.1262,5,124.1
,3967,87.9588,5,87.2
,3967,87.9588,6,0.8
,3971,835.935,5,741.8
,3971,835.935,6,94.1
,3975,13.3831,1,13.4
,3976,13.3423,1,13.3
,3977,142.1782,1,111.0
,3977,142.1782,2,31.1
,3978,96.5101,1,69.5
,3978,96.5101,2,27.0
,3979,69.8592,5,69.9
,3980,37.0278,1,0.5
,3980,37.0278,2,36.5
,3981,203.7769,2,105.7
,3981,203.7769,5,98.1
,3984,235.0488,5,235.0
,3987,79.5517,5,79.6
,3988,126.6841,5,126.7
,3990,25.7656,5,25.8
,3991,49.1914,5,49.2
,3992,99.0542,4,44.9
,3992,99.0542,5,54.1
,3995,198.9026,4,154.1
,3995,198.9026,5,44.8
,3996,151.8139,4,120.9
,3996,151.8139,5,30.9
,4000,3.6483,1,3.6
,4005,2.7043,1,2.7
,4006,5.4174,1,5.4
,4007,5.3563,1,5.4
,4008,46.0443,1,46.0
,4009,5.5274,1,5.5
,4010,1.3148,1,1.3
,4011,5.2926,1,5.3
,4012,7.8452,1,7.8
,4013,3.252,1,3.3
,4014,16.6493,1,16.6
,4017,21.7655,1,21.8
,4018,6.2813,1,6.3
,4019,10.6634,1,10.7
,4020,11.7011,1,11.7
,4021,5.5697,1,5.6
,4022,10.34,1,10.3
,4025,173.5972,7,173.6
,4030,5.838,1,5.8
,4031,4.7721,1,4.8
,4032,7.5078,1,7.5
,4034,29.5549,1,29.6
,4035,19.0536,1,19.1
,4036,12.8364,1,12.8
,4037,9.1057,1,9.1
,4051,16.941,1,16.9
,4053,22.5306,1,22.5
,4054,8.7622,1,8.8
,4055,37.908,1,37.9
,4059,3.3042,1,3.3
,4060,5.8255,1,5.8
,4061,12.5152,1,12.5
,4064,3.5905,1,3.6
,4065,5.0053,1,5.0
,4066,20.0559,1,20.1
,4067,3.9742,1,4.0
,4068,10.3883,1,10.4
,4069,103.2441,1,80.1
,4069,103.2441,2,23.1
,4070,31.2733,1,31.3
,4073,4.9721,1,5.0
,4074,13.6903,1,13.7
,4075,14.182,1,14.2
,4076,23.2969,1,23.3
,4077,18.9841,1,19.0
,4078,13.2184,1,13.2
,4101,5.1012,1,5.1
,4102,3.428,1,3.4
,4103,4.0601,1,4.1
,4104,3.0296,1,3.0
,4105,7.1451,1,7.1
,4106,9.223,1,9.2
,4107,4.5662,1,4.6
,4108,8.5787,1,8.6
,4109,15.4409,1,15.4
,4110,34.8175,1,34.8
,4111,5.266,1,5.3
,4112,4.6867,1,4.7
,4113,14.2559,1,14.3
,4114,14.3562,1,14.4
,4115,11.9235,1,11.9
,4116,16.1303,1,16.1
,4117,13.1167,1,13.1
,4118,24.1339,1,24.1
,4119,4.1871,1,4.2
,4120,2.9846,1,3.0
,4121,10.4019,1,10.4
,4122,21.0584,1,21.1
,4123,21.5665,1,21.6
,4124,194.3117,1,115.9
,4124,194.3117,2,78.4
,4125,38.7807,1,37.6
,4125,38.7807,2,1.2
,4127,30.3412,1,30.3
,4128,12.1387,1,12.1
,4129,8.8171,1,8.8
,4130,37.9606,1,38.0
,4131,11.3025,1,11.3
,4132,12.8365,1,12.8
,4133,47.886,1,45.1
,4133,47.886,2,2.8
,4151,5.3272,1,5.3
,4152,23.1747,1,23.2
,4153,9.7744,1,9.8
,4154,15.0372,1,15.0
,4155,13.5401,1,13.5
,4156,31.9789,1,32.0
,4157,41.4597,1,41.5
,4158,2.6658,1,2.7
,4159,11.2731,1,11.3
,4160,14.7691,1,14.8
,4161,13.6902,1,13.7
,4163,11.7743,1,11.8
,4164,21.6475,1,21.6
,4165,102.7458,1,96.1
,4165,102.7458,2,6.6
,4169,3.1983,1,3.2
,4170,12.8212,1,12.8
,4171,4.7536,1,4.8
,4172,8.4585,1,8.5
,4173,8.8781,1,8.9
,4174,6.6961,1,6.7
,4178,57.322,1,31.6
,4178,57.322,6,24.0
,4178,57.322,7,1.7
,4179,9.2731,1,9.3
,4183,272.0174,6,272.0
,4184,33.8483,5,24.7
,4184,33.8483,6,7.7
,4184,33.8483,7,1.4
,4205,5.8367,1,5.8
,4207,281.8511,1,184.4
,4207,281.8511,2,97.5
,4208,141.5988,1,86.5
,4208,141.5988,2,6.3
,4208,141.5988,5,48.8
,4209,131.2186,1,110.9
,4209,131.2186,2,0.1
,4209,131.2186,5,20.2
,4210,83.765,1,83.8
,4211,447.4603,1,131.0
,4211,447.4603,2,69.4
,4211,447.4603,5,247.0
,4212,34.1514,1,34.2
,4213,168.7643,1,93.6
,4213,168.7643,2,22.4
,4213,168.7643,5,52.7
,4214,30.4289,1,30.4
,4215,19.349,1,19.3
,4216,47.5149,1,25.9
,4216,47.5149,6,21.6
,4217,19.7245,1,19.7
,4218,15.3976,1,15.4
,4220,19.99,1,20.0
,4221,15.2251,1,15.2
,4223,46.9353,1,23.4
,4223,46.9353,2,23.6
,4224,3.1207,1,3.1
,4225,4.6201,1,4.6
,4226,29.0211,1,29.0
,4227,12.325,1,12.3
,4228,79.3402,1,28.8
,4228,79.3402,2,50.5
,4270,71.2311,2,71.2
,4272,42.4519,1,36.0
,4272,42.4519,2,6.5
,4275,329.1873,2,109.5
,4275,329.1873,4,82.1
,4275,329.1873,5,137.6
,4280,147.3208,1,49.5
,4280,147.3208,2,97.8
,4285,1411.1309,2,144.1
,4285,1411.1309,4,163.3
,4285,1411.1309,5,1103.7
,4287,421.0655,5,421.1
,4300,74.3836,1,74.4
,4301,35.3028,1,35.3
,4303,15.0708,1,15.1
,4304,22.6958,1,22.7
,4305,74.1366,1,60.3
,4305,74.1366,5,13.8
,4306,1067.9892,1,281.2
,4306,1067.9892,2,393.6
,4306,1067.9892,5,393.1
,4307,205.3988,2,74.0
,4307,205.3988,5,131.4
,4309,542.809,5,542.8
,4310,925.1749,5,925.2
,4311,781.3652,2,43.2
,4311,781.3652,5,738.2
,4312,868.739,5,868.7
,4313,610.9469,5,610.9
,4314,1788.6895,5,1788.7
,4340,698.8554,2,168.7
,4340,698.8554,5,530.1
,4341,493.1726,4,5.0
,4341,493.1726,5,488.2
,4342,103.0037,4,57.1
,4342,103.0037,5,45.9
,4343,859.436,4,169.0
,4343,859.436,5,690.4
,4344,318.3502,2,228.9
,4344,318.3502,5,89.4
,4346,25.4153,2,25.4
,4347,140.5323,4,0.9
,4347,140.5323,5,139.6
,4350,313.3986,2,313.4
,4352,3879.2469,2,529.0
,4352,3879.2469,5,3350.3
,4353,99.239,5,99.2
,4354,158.3554,5,158.4
,4355,800.0815,5,800.1
,4356,1046.9675,5,1047.0
,4357,2814.8804,5,2814.9
,4358,425.5437,2,184.7
,4358,425.5437,5,240.9
,4359,300.6069,2,93.6
,4359,300.6069,5,207.0
,4360,88.1518,5,88.2
,4361,717.4344,5,717.4
,4362,513.8108,5,513.8
,4363,65.7959,5,65.8
,4364,150.6826,5,150.7
,4365,317.4793,5,317.5
,4370,2237.0641,4,438.0
,4370,2237.0641,5,1799.1
,4371,330.9843,5,331.0
,4372,32.465,5,32.5
,4373,163.8306,5,163.8
,4374,476.1009,5,476.1
,4375,27.3385,5,27.3
,4376,13.4384,5,13.4
,4377,153.6255,5,153.6
,4378,46.7077,5,46.7
,4380,2068.6995,5,2068.7
,4381,70.205,5,70.2
,4382,551.1208,5,551.1
,4383,88.0082,5,88.0
,4384,203.5414,5,203.5
,4385,1996.8539,5,1996.9
,4387,3104.9418,5,3104.9
,4388,702.1752,5,702.2
,4390,5343.7485,4,24.6
,4390,5343.7485,5,5319.1
,4400,45.6179,2,45.6
,4401,657.2754,2,79.6
,4401,657.2754,5,577.7
,4402,229.0592,5,229.1
,4403,591.6033,5,591.6
,4404,613.2059,5,613.2
,4405,2929.5915,4,457.6
,4405,2929.5915,5,2472.0
,4406,8396.3705,5,5322.7
,4406,8396.3705,6,3073.6
,4407,1296.9808,5,1297.0
,4408,489.1868,5,489.2
,4410,926.1488,5,926.1
,4411,433.7235,5,433.7
,4412,343.0478,5,343.0
,4413,8030.7476,4,72.1
,4413,8030.7476,5,7958.7
,4415,2305.4641,5,1732.6
,4415,2305.4641,6,572.9
,4416,2010.6533,5,2010.7
,4417,5069.1419,6,5069.1
,4418,387.6687,6,387.7
,4419,5587.0923,6,5587.1
,4420,9854.6453,6,9854.6
,4421,1638.6392,5,1638.6
,4422,3182.5182,6,3182.5
,4423,2413.3616,6,2413.4
,4424,942.3824,5,942.4
,4425,676.9575,5,677.0
,4426,1675.1872,6,1675.2
,4427,906.0226,6,906.0
,4428,2349.1292,6,2349.1
,4454,7928.7214,6,6908.8
,4454,7928.7214,7,1020.0
,4455,10349.0301,4,78.0
,4455,10349.0301,6,10271.0
,4461,241.7695,6,241.8
,4462,1738.9037,6,1738.9
,4465,13577.4516,6,2674.9
,4465,13577.4516,7,10902.6
,4467,6344.4821,7,6344.5
,4468,8082.3321,7,8082.3
,4470,17483.3832,7,17483.4
,4472,17632.5516,7,17632.6
,4474,21354.7571,7,21354.8
,4477,12307.4336,7,12307.4
,4478,12904.6964,7,12904.7
,4479,3990.1821,7,3990.2
,4480,46059.8992,7,46059.9
,4481,33308.6713,7,33308.7
,4482,32952.5028,7,32952.5
,4486,9948.6495,7,9948.6
,4487,12740.9303,6,12740.9
,4488,13694.9059,6,6581.3
,4488,13694.9059,7,7113.6
,4489,5069.1761,7,5069.2
,4490,34671.8256,7,34671.8
,4491,6078.0678,7,6078.1
,4492,69372.0885,7,69372.1
,4493,6145.7746,7,6145.8
,4494,1677.1953,6,1677.2
,4496,1719.4292,6,1719.4
,4497,3505.0666,6,3505.1
,4498,1425.2619,5,1123.7
,4498,1425.2619,6,301.5
,4500,86.5893,1,86.6
,4501,8.1316,1,8.1
,4502,6.6035,1,6.6
,4503,99.6929,1,99.7
,4504,41.7369,1,25.1
,4504,41.7369,2,16.6
,4505,52.3352,1,52.3
,4506,59.3066,1,59.3
,4507,145.3506,2,27.1
,4507,145.3506,3,118.3
,4508,19.4373,1,19.4
,4509,26.2563,1,26.3
,4510,218.4311,1,149.2
,4510,218.4311,2,69.3
,4511,36.5017,1,36.5
,4512,102.1152,1,68.4
,4512,102.1152,2,33.7
,4514,511.9867,2,141.6
,4514,511.9867,5,370.4
,4515,1384.4755,5,1384.5
,4516,101.1794,1,101.2
,4517,80.7742,2,80.8
,4518,72.4139,2,72.4
,4519,202.0281,2,133.2
,4519,202.0281,4,46.0
,4519,202.0281,5,22.8
,4520,332.3237,1,35.2
,4520,332.3237,2,246.4
,4520,332.3237,5,50.7
,4521,288.2282,2,130.0
,4521,288.2282,5,158.2
,4550,69.6787,2,69.7
,4551,95.279,1,95.3
,4552,455.8262,2,20.5
,4552,455.8262,5,435.3
,4553,65.364,1,13.4
,4553,65.364,2,52.0
,4554,37.3254,2,37.3
,4555,49.2911,1,7.7
,4555,49.2911,2,41.6
,4556,71.4648,1,71.5
,4557,11.3654,1,11.4
,4558,14.9241,1,14.9
,4559,41.1572,1,30.7
,4559,41.1572,2,10.5
,4560,218.163,1,61.5
,4560,218.163,2,156.7
,4561,117.3999,1,14.4
,4561,117.3999,2,103.0
,4562,207.5346,1,38.3
,4562,207.5346,2,101.9
,4562,207.5346,5,67.3
,4563,176.2523,1,4.5
,4563,176.2523,2,156.9
,4563,176.2523,5,14.8
,4564,24.551,1,24.6
,4565,304.3316,1,26.1
,4565,304.3316,2,83.4
,4565,304.3316,5,194.8
,4566,26.0543,1,26.1
,4567,20.1623,1,20.2
,4568,96.0095,2,50.8
,4568,96.0095,5,45.2
,4569,37.584,5,37.6
,4570,3861.1389,3,708.3
,4570,3861.1389,5,3152.8
,4571,202.3033,5,202.3
,4572,1.5035,1,1.5
,4573,61.2348,1,44.1
,4573,61.2348,2,17.2
,4574,360.3842,2,0.5
,4574,360.3842,5,359.9
,4575,17.8273,1,17.8
,4580,707.8549,5,707.9
,4581,1693.7315,5,31.5
,4581,1693.7315,6,1662.2
,4600,623.0268,5,623.0
,4601,1800.5717,5,1800.6
,4605,771.7766,5,771.8
,4606,250.7621,5,250.8
,4608,463.5732,5,463.6
,4610,2967.8755,4,297.9
,4610,2967.8755,5,2670.0
,4611,42.5772,5,42.6
,4612,599.5949,5,599.6
,4613,1749.936,5,1749.9
,4614,248.5346,5,248.5
,4615,1360.8524,5,1360.9
,4620,1180.9337,5,1180.9
,4621,1627.363,5,1627.4
,4625,3244.3289,5,3244.3
,4626,3954.0831,5,3954.1
,4627,4801.087,5,1575.6
,4627,4801.087,6,3225.5
,4630,5561.7434,5,4080.5
,4630,5561.7434,6,1481.3
,4650,2645.9161,2,172.2
,4650,2645.9161,3,461.6
,4650,2645.9161,5,2012.1
,4655,458.5892,2,368.2
,4655,458.5892,5,80.5
,4655,458.5892,6,9.8
,4659,301.2547,2,232.2
,4659,301.2547,5,69.0
,4660,1489.8297,5,1489.8
,4662,29.3873,2,29.4
,4670,1781.8725,2,1079.6
,4670,1781.8725,5,702.3
,4671,3774.1675,5,3774.2
,4673,304.3716,5,304.4
,4674,1078.1463,5,1078.1
,4676,647.6431,5,647.6
,4677,1423.5285,5,1423.5
,4678,642.7085,5,642.7
,4680,4993.763,3,406.2
,4680,4993.763,4,69.3
,4680,4993.763,5,3905.3
,4680,4993.763,6,613.0
,4694,277.6657,3,6.1
,4694,277.6657,5,271.6
,4695,843.5075,5,843.5
,4697,596.5489,5,596.5
,4699,895.1947,5,895.2
,4700,114.6558,2,92.0
,4700,114.6558,7,22.7
,4701,466.2008,2,219.1
,4701,466.2008,5,247.1
,4702,47733.5006,2,966.7
,4702,47733.5006,3,40.1
,4702,47733.5006,5,22921.7
,4702,47733.5006,6,21898.3
,4702,47733.5006,7,1906.7
,4703,1227.6685,3,388.4
,4703,1227.6685,5,839.3
,4704,98.0086,5,98.0
,4705,8543.109,6,8543.1
,4706,1440.7934,6,1440.8
,4707,2983.4314,6,2922.7
,4707,2983.4314,7,60.8
,4709,11.4711,6,11.5
,4710,33.455,3,18.4
,4710,33.455,5,15.1
,4711,63.8306,2,63.8
,4712,626.4256,5,626.4
,4713,219.5151,6,219.5
,4714,490.6655,5,490.7
,4715,2772.4575,4,147.0
,4715,2772.4575,5,2625.4
,4716,1269.4858,5,1269.5
,4717,657.3194,5,657.3
,4718,5866.149,5,2073.2
,4718,5866.149,6,3793.0
,4719,4044.5465,5,243.7
,4719,4044.5465,6,3800.8
,4720,5368.1456,4,200.3
,4720,5368.1456,5,410.7
,4720,5368.1456,6,4757.1
,4721,29539.1184,6,14031.1
,4721,29539.1184,7,15508.1
,4722,11273.0478,6,4496.6
,4722,11273.0478,7,6776.5
,4723,5650.529,6,5650.5
,4724,12669.4364,7,12669.4
,4725,10793.7554,7,10793.8
,4726,13502.5996,7,13502.6
,4727,6580.9177,7,6580.9
,4728,9166.5606,7,9166.6
,4730,38919.3235,7,38919.3
,4731,10508.8115,7,10508.8
,4732,7250.302,7,7250.3
,4733,15789.5333,7,15789.5
,4735,57394.3694,7,57394.4
,4736,13084.6881,7,13084.7
,4737,940.5324,5,940.5
,4738,1033.9906,5,1033.9
,4738,1033.9906,7,0.1
,4739,475.4337,5,475.4
,4740,879.178,2,595.9
,4740,879.178,5,254.5
,4740,879.178,6,0.4
,4740,879.178,7,28.4
,4741,4176.032,2,50.6
,4741,4176.032,5,3875.5
,4741,4176.032,6,182.7
,4741,4176.032,7,67.1
,4742,8809.537,5,876.9
,4742,8809.537,6,7932.7
,4743,1626.6802,6,1626.7
,4744,3046.6387,4,12.5
,4744,3046.6387,5,3034.1
,4745,3446.689,5,5.1
,4745,3446.689,6,3441.6
,4746,2054.3653,6,2054.4
,4750,17.6773,2,17.7
,4751,109.2039,2,109.2
,4753,135.8943,2,22.2
,4753,135.8943,5,113.7
,4754,547.8642,5,547.9
,4756,195.3173,5,195.3
,4757,833.4849,5,833.5
,4798,294.4336,5,294.4
,4799,463.6011,5,463.6
,4800,2435.9895,4,35.3
,4800,2435.9895,5,2373.5
,4800,2435.9895,6,27.2
,4802,287.6029,4,20.4
,4802,287.6029,5,50.4
,4802,287.6029,7,216.8
,4804,14258.7347,6,14258.7
,4805,6858.7645,4,110.1
,4805,6858.7645,5,2744.4
,4805,6858.7645,6,4004.3
,4806,1315.7679,4,20.2
,4806,1315.7679,5,1295.6
,4807,2424.9567,4,113.7
,4807,2424.9567,5,604.8
,4807,2424.9567,6,1706.4
,4808,203.2156,4,1.0
,4808,203.2156,5,202.3
,4809,1015.4554,5,1004.5
,4809,1015.4554,7,10.9
,4810,289.6701,2,64.9
,4810,289.6701,5,224.8
,4811,166.3359,2,166.3
,4812,13.2728,2,13.3
,4814,59.9761,2,60.0
,4815,674.0533,2,215.8
,4815,674.0533,5,458.3
,4816,47039.5339,2,314.5
,4816,47039.5339,5,1505.5
,4816,47039.5339,6,12168.9
,4816,47039.5339,7,33050.6
,4817,740.7452,2,214.4
,4817,740.7452,6,526.4
,4818,537.4411,2,204.0
,4818,537.4411,5,333.5
,4819,51.1523,5,51.2
,4820,36171.38,4,562.2
,4820,36171.38,5,182.5
,4820,36171.38,6,24579.1
,4820,36171.38,7,10847.6
,4821,35113.9374,7,35113.9
,4822,32122.5539,7,32122.6
,4823,66283.7365,7,66283.7
,4824,31688.0872,6,14.8
,4824,31688.0872,7,31673.3
,4825,99782.1361,6,62.9
,4825,99782.1361,7,99719.3
,4828,9524.7262,7,9524.7
,4829,71908.6682,7,71908.7
,4830,31652.2941,7,31652.3
,4849,1094.6869,5,4.9
,4849,1094.6869,6,681.8
,4849,1094.6869,7,408.1
,4850,7383.9733,5,917.9
,4850,7383.9733,6,6466.0
,4852,118.0451,5,108.6
,4852,118.0451,6,9.5
,4854,1722.9976,5,630.6
,4854,1722.9976,6,1092.4
,4855,376.0562,5,376.1
,4856,117.0087,5,117.0
,4858,75.1584,4,38.9
,4858,75.1584,5,36.2
,4859,19.2955,4,1.3
,4859,19.2955,5,18.0
,4860,1278.1364,4,138.8
,4860,1278.1364,5,1139.3
,4861,118.9753,5,119.0
,4865,191.8984,2,120.8
,4865,191.8984,4,71.1
,4868,26.5384,2,26.5
,4869,67.7783,2,67.8
,4870,331.4112,2,113.3
,4870,331.4112,4,5.5
,4870,331.4112,5,212.6
,4871,86859.0254,2,128.2
,4871,86859.0254,4,42.3
,4871,86859.0254,5,2257.6
,4871,86859.0254,6,5927.9
,4871,86859.0254,7,78502.9
,4872,12709.6818,4,39.3
,4872,12709.6818,5,1318.9
,4872,12709.6818,6,8905.7
,4872,12709.6818,7,2445.7
,4873,1562.4059,5,454.0
,4873,1562.4059,6,1108.1
,4873,1562.4059,7,0.3
,4874,24319.9506,7,24319.9
,4875,851.0942,7,851.1
,4876,1340.127,7,1340.1
,4877,164.874,5,164.9
,4878,50.5096,2,50.5
,4879,24.5179,2,24.5
,4880,1321.1451,4,153.5
,4880,1321.1451,5,1167.6
,4881,591.3182,2,30.4
,4881,591.3182,5,560.9
,4882,85.2742,4,85.3
,4883,293.1266,4,188.8
,4883,293.1266,5,104.4
,4884,192.8644,4,4.1
,4884,192.8644,5,188.7
,4885,319.4621,5,319.5
,4886,253.0866,5,253.1
,4887,1198.6445,5,1198.6
,4888,559.1771,5,512.7
,4888,559.1771,6,46.5
,4890,15793.1977,7,15793.2
,4891,134.4548,7,134.5
,4892,143377.1258,7,143377.1
,4895,9277.2547,6,4884.6
,4895,9277.2547,7,4392.6
,5000,10.4824,1,10.5
,5006,5.0909,1,5.1
,5007,3.6054,1,3.6
,5008,6.1854,1,6.2
,5009,3.4541,1,3.5
,5010,5.8507,1,5.9
,5011,5.5124,1,5.5
,5012,4.3752,1,4.4
,5013,15.0913,1,15.1
,5014,6.1186,1,6.1
,5015,15.5784,1,15.6
,5016,4.8979,1,4.9
,5017,3.718,1,3.7
,5018,8.9095,1,8.9
,5019,3.9321,1,3.9
,5020,1.5622,1,1.6
,5021,4.4911,1,4.5
,5022,7.7915,1,7.8
,5023,7.0392,1,7.0
,5024,7.927,1,7.9
,5025,3.9453,1,3.9
,5031,5.695,1,5.7
,5032,5.702,1,5.7
,5033,3.651,1,3.7
,5034,4.045,1,4.0
,5035,3.0222,1,3.0
,5037,4.3684,1,4.4
,5038,5.7538,1,5.8
,5039,4.6336,1,4.6
,5040,1.7647,1,1.8
,5041,6.2103,1,6.2
,5042,8.6535,1,8.7
,5043,8.2184,1,8.2
,5044,4.1037,1,4.1
,5045,5.7699,1,5.8
,5046,4.0234,1,4.0
,5047,4.1823,1,4.2
,5048,5.8082,1,5.8
,5049,9.1543,1,9.2
,5050,6.5603,1,6.6
,5051,17.6845,1,17.7
,5052,16.0248,1,16.0
,5061,4.0391,1,4.0
,5062,16.5077,1,16.5
,5063,3.8585,1,3.9
,5064,7.8875,1,7.9
,5065,4.2878,1,4.3
,5066,9.0577,1,9.1
,5067,3.9255,1,3.9
,5068,5.0515,1,5.1
,5069,3.8454,1,3.8
,5070,6.2151,1,6.2
,5072,14.2129,1,14.2
,5073,7.5046,1,7.5
,5074,5.6525,1,5.7
,5075,5.6065,1,5.6
,5076,10.6715,1,6.2
,5076,10.6715,2,4.5
,5081,4.1957,1,4.2
,5082,5.6358,1,5.6
,5083,2.8234,1,2.8
,5084,4.861,1,4.9
,5085,8.5266,1,8.5
,5086,7.0027,1,7.0
,5087,5.0299,1,5.0
,5088,1.893,1,1.9
,5089,4.3298,1,4.3
,5090,5.0538,1,5.1
,5091,8.5918,1,8.6
,5092,9.4494,1,9.4
,5093,4.3878,1,4.4
,5094,30.8255,1,30.8
,5095,11.5079,1,11.5
,5096,9.5243,1,9.5
,5097,6.991,1,7.0
,5098,6.1001,1,6.1
,5106,6.6876,1,6.7
,5107,7.921,1,7.9
,5108,18.3572,1,18.4
,5109,14.6034,1,14.6
,5110,65.6776,1,60.8
,5110,65.6776,2,4.9
,5111,18.7439,1,18.7
,5112,14.8798,1,14.9
,5113,12.5057,1,12.5
,5114,152.8286,1,68.9
,5114,152.8286,2,83.9
,5115,19.7062,1,19.7
,5116,23.5591,1,23.6
,5117,14.0543,1,14.1
,5118,166.9373,1,129.1
,5118,166.9373,2,37.9
,5120,86.1986,1,9.8
,5120,86.1986,2,76.4
,5121,32.9719,1,33.0
,5125,25.2564,1,25.3
,5126,5.8067,1,5.8
,5127,4.4199,1,4.4
,5131,21.3011,1,7.9
,5131,21.3011,2,13.4
,5132,19.7554,1,6.4
,5132,19.7554,2,13.4
,5133,14.1,2,14.1
,5134,36.5354,1,9.3
,5134,36.5354,2,27.2
,5136,7.7715,1,7.8
,5137,8.2627,1,6.7
,5137,8.2627,2,1.5
,5138,11.9523,2,12.0
,5139,9.345,2,9.3
,5140,3.7167,1,3.7
,5141,13.1923,1,13.2
,5142,3.4725,1,3.5
,5144,10.2028,2,10.2
,5150,1.9558,1,2.0
,5151,4.0978,1,4.1
,5152,32.833,1,32.8
,5153,208.0124,1,19.9
,5153,208.0124,2,64.4
,5153,208.0124,3,118.9
,5153,208.0124,4,4.8
,5154,8.4056,1,8.4
,5155,15.0757,1,15.1
,5156,7.3237,1,7.3
,5157,191.7995,1,8.1
,5157,191.7995,2,93.6
,5157,191.7995,3,7.3
,5157,191.7995,5,82.8
,5158,23.5018,1,23.5
,5159,37.4231,1,37.4
,5160,9.9143,1,9.9
,5161,7.7053,1,7.7
,5162,19.6861,1,19.7
,5163,34.62,1,34.6
,5164,3.1934,1,3.2
,5165,2.8639,1,2.9
,5166,1.8617,1,1.9
,5167,5.7077,1,5.7
,5168,9.0287,1,9.0
,5169,13.8186,1,13.8
,5170,6.5506,1,6.6
,5171,115.916,1,59.4
,5171,115.916,2,56.6
,5172,170.8568,1,15.7
,5172,170.8568,2,95.5
,5172,170.8568,5,59.6
,5173,29.1294,1,29.1
,5174,52.345,1,30.4
,5174,52.345,2,22.0
,5201,139.5274,2,27.7
,5201,139.5274,3,26.3
,5201,139.5274,4,17.7
,5201,139.5274,5,67.7
,5202,159.1826,2,117.7
,5202,159.1826,5,41.5
,5203,211.4116,5,211.4
,5204,296.6796,5,296.7
,5210,90.6108,2,2.2
,5210,90.6108,5,88.4
,5211,459.0188,3,243.5
,5211,459.0188,5,215.5
,5212,21.2672,3,21.3
,5213,35.456,3,35.5
,5214,272.024,3,44.5
,5214,272.024,4,188.9
,5214,272.024,5,38.7
,5220,2.8044,7,2.8
,5221,38.3922,7,38.4
,5222,385.7746,7,385.8
,5223,3973.767,7,3973.8
,5231,99.4012,2,77.1
,5231,99.4012,5,22.3
,5232,42.9974,2,43.0
,5233,77.5345,2,40.5
,5233,77.5345,5,37.0
,5234,43.6525,5,43.7
,5235,383.4232,5,383.4
,5236,129.8575,5,129.9
,5237,198.108,5,198.1
,5238,1487.5633,5,1487.6
,5240,22.0768,2,22.1
,5241,26.1921,2,12.2
,5241,26.1921,5,14.0
,5242,31.6068,2,31.6
,5243,26.981,2,27.0
,5244,223.481,2,23.1
,5244,223.481,3,34.4
,5244,223.481,5,166.0
,5245,31.6551,2,31.7
,5250,15.1988,2,9.3
,5250,15.1988,3,5.9
,5251,102.369,2,1.0
,5251,102.369,3,101.4
,5252,115.3918,3,71.3
,5252,115.3918,5,44.1
,5253,874.8933,3,98.2
,5253,874.8933,5,776.7
,5254,666.2306,3,209.2
,5254,666.2306,5,457.0
,5255,818.4968,3,65.1
,5255,818.4968,4,133.2
,5255,818.4968,5,620.2
,5256,180.1728,5,180.2
,5259,1764.7897,5,1764.8
,5260,285.3978,5,285.4
,5261,1136.2253,5,1136.2
,5262,555.4355,5,555.4
,5263,110.6898,5,110.7
,5264,1656.9953,5,1514.0
,5264,1656.9953,6,143.0
,5265,1080.5249,5,1080.5
,5266,2013.9485,5,2013.9
,5267,3257.9964,5,1987.0
,5267,3257.9964,6,1271.0
,5268,1753.5089,5,974.4
,5268,1753.5089,6,779.1
,5269,286.9416,5,286.9
,5270,531.5749,5,531.6
,5271,2741.1321,4,115.2
,5271,2741.1321,5,2217.3
,5271,2741.1321,6,408.6
,5272,1923.2811,5,1923.3
,5273,316.5935,5,245.8
,5273,316.5935,6,70.8
,5275,3123.7224,5,1457.1
,5275,3123.7224,6,1666.6
,5276,543.9247,5,543.9
,5277,1201.5858,5,1201.6
,5278,305.7036,5,305.7
,5279,473.5082,5,473.5
,5280,1958.323,5,1958.3
,5290,26.7965,3,26.8
,5291,1741.1815,3,761.3
,5291,1741.1815,5,979.9
,5301,1980.3561,5,1980.4
,5302,4004.2753,6,4004.3
,5303,739.8952,6,739.9
,5304,1682.471,5,490.7
,5304,1682.471,6,1191.7
,5306,314.7244,5,314.7
,5307,1073.8818,5,1073.9
,5308,1286.2452,5,1286.2
,5309,1288.1845,5,1288.2
,5310,443.0505,5,443.1
,5311,3234.6057,5,3234.6
,5320,1820.4801,5,1820.5
,5321,176.2185,5,176.2
,5322,91.681,5,91.7
,5330,1842.389,5,1842.4
,5331,83.815,5,83.8
,5332,292.1294,5,292.1
,5333,720.6351,5,720.6
,5340,679.6897,5,679.7
,5341,479.9619,5,176.0
,5341,479.9619,6,304.0
,5342,213.2351,5,213.2
,5343,202.1922,5,202.2
,5344,31.468,5,31.5
,5345,205.3057,5,205.3
,5346,15.3753,5,15.4
,5350,32.1523,2,21.6
,5350,32.1523,3,10.5
,5351,284.0785,2,25.1
,5351,284.0785,3,115.7
,5351,284.0785,5,143.3
,5352,108.5768,3,13.4
,5352,108.5768,4,44.3
,5352,108.5768,5,50.9
,5353,1027.7626,4,73.4
,5353,1027.7626,5,954.4
,5354,891.3339,5,891.3
,5355,158.1546,4,129.0
,5355,158.1546,5,29.1
,5356,666.0608,5,666.1
,5357,1117.9594,5,1118.0
,5360,34.4409,4,34.4
,5371,112.6509,2,29.0
,5371,112.6509,3,70.6
,5371,112.6509,5,13.1
,5372,88.8786,3,2.6
,5372,88.8786,5,86.3
,5373,453.1664,4,22.2
,5373,453.1664,5,430.9
,5374,1373.3476,5,1373.3
,5381,652.6147,5,652.6
,5400,171.4652,2,9.2
,5400,171.4652,3,162.3
,5401,269.0932,3,26.6
,5401,269.0932,5,242.5
,5410,88.1949,5,88.2
,5411,102.5527,5,102.6
,5412,218.3209,5,218.3
,5413,502.8396,5,502.8
,5414,93.3548,5,93.4
,5415,130.8943,5,130.9
,5416,167.9489,5,167.9
,5417,19250.0739,5,1898.7
,5417,19250.0739,6,17351.3
,5418,546.1272,5,546.1
,5419,1432.8203,5,1432.8
,5420,279.6993,5,279.7
,5421,318.5731,5,318.6
,5422,3115.844,5,3115.8
,5431,2402.9504,5,2403.0
,5432,8075.8496,5,2064.5
,5432,8075.8496,6,6011.3
,5433,1490.1463,5,1490.1
,5434,9367.7992,5,2029.8
,5434,9367.7992,6,7338.0
,5440,50272.1189,5,382.5
,5440,50272.1189,6,28960.2
,5440,50272.1189,7,20929.4
,5451,141.8682,5,141.9
,5452,70.8572,5,70.9
,5453,544.4627,5,544.5
,5454,545.5774,5,545.6
,5455,92.2952,5,92.3
,5460,313.4522,5,313.5
,5461,871.5763,5,871.6
,5462,159.1215,5,159.1
,5464,812.8317,5,812.8
,5470,180.8056,5,180.8
,5471,127.8191,5,127.8
,5472,172.3594,5,172.4
,5473,204.7636,5,204.8
,5480,256.6451,5,256.6
,5481,352.449,5,352.4
,5482,440.7632,5,440.8
,5483,328.6549,5,328.7
,5485,601.7359,5,601.7
,5490,262.8676,5,262.9
,5491,777.598,5,777.6
,5493,18.8997,5,18.9
,5495,548.9596,4,22.5
,5495,548.9596,5,526.5
,5501,655.7071,2,84.6
,5501,655.7071,5,571.1
,5502,356.5446,3,109.8
,5502,356.5446,5,246.8
,5510,128.0996,5,128.1
,5520,516.7301,5,516.7
,5521,157.8364,5,157.8
,5522,378.4738,5,378.5
,5523,966.8183,5,966.8
,5540,746.8247,4,475.6
,5540,746.8247,5,271.2
,5550,594.0299,5,594.0
,5552,585.505,5,585.5
,5554,431.7849,5,431.8
,5555,605.9659,5,606.0
,5556,146.5314,5,146.5
,5558,429.9849,5,430.0
,5560,363.8128,5,363.8
,5570,199.1415,5,199.1
,5571,523.3894,5,523.4
,5572,145.011,5,145.0
,5573,1116.713,5,1116.7
,5575,1367.3234,5,671.8
,5575,1367.3234,6,695.5
,5576,474.9031,6,474.9
,5577,958.4969,6,958.5
,5580,303.4677,5,303.5
,5581,78.0889,5,78.1
,5582,60.8014,6,60.8
,5583,73.8878,6,73.9
,5600,7.4834,3,7.5
,5601,1077.4276,3,80.4
,5601,1077.4276,5,997.0
,5602,3268.8785,5,2626.4
,5602,3268.8785,6,642.5
,5603,1596.9115,6,1596.9
,5604,268.3582,6,268.4
,5605,593.6214,6,593.6
,5606,43.1102,6,43.1
,5607,6425.4928,6,5810.0
,5607,6425.4928,7,615.5
,5608,30.3203,3,30.3
,5609,3.0669,3,3.1
,5611,4441.1343,6,4441.1
,5630,261.0052,6,261.0
,5631,683.4725,6,683.5
,5632,839.6315,6,839.6
,5633,1180.1993,6,1180.2
,5640,1185.2382,6,1185.2
,5641,5586.1412,6,5586.1
,5642,1840.0653,6,1840.1
,5650,1115.3651,6,486.2
,5650,1115.3651,7,629.2
,5651,393.2341,7,393.2
,5652,844.3886,7,844.4
,5653,482.186,7,482.2
,5654,2855.7105,7,2855.7
,5655,2572.3108,7,2572.3
,5660,465.7152,7,465.7
,5661,1186.1577,7,1186.2
,5670,3448.4145,7,3448.4
,5671,1024.5239,7,1024.5
,5680,6743.6481,7,6743.6
,5690,191146.9986,7,191147.0
,5700,1098.2879,4,185.8
,5700,1098.2879,5,912.5
,5701,179.1206,5,152.4
,5701,179.1206,7,26.7
,5710,68.0933,4,68.1
,5713,14020.4814,6,3660.1
,5713,14020.4814,7,10360.3
,5715,7238.6761,6,7238.7
,5717,27097.7527,6,5803.2
,5717,27097.7527,7,21294.6
,5719,30193.1935,7,30193.2
,5720,28341.6471,7,28341.6
,5722,23.8165,7,23.8
,5723,78520.4521,7,78520.5
,5724,39211.1945,7,39211.2
,5725,288.3624,6,288.4
,5730,5245.9302,6,2982.6
,5730,5245.9302,7,2263.3
,5731,70900.3407,7,70900.3
,5732,10976.0128,7,10976.0
,5733,70087.4897,7,70087.5
,5734,65518.5933,7,65518.6
,5950,7.2952,1,7.3
,6000,4.6082,1,4.6
,6003,0.8384,1,0.8
,6004,3.2049,1,3.2
,6005,6.3411,1,6.3
,6006,3.0669,1,3.1
,6007,2.9761,1,3.0
,6008,7.0905,1,7.1
,6009,9.7498,1,9.8
,6010,15.4324,1,15.4
,6011,4.8188,1,4.8
,6012,4.3472,1,4.3
,6014,9.5822,1,9.6
,6015,9.8073,1,9.8
,6016,3.1658,1,3.2
,6017,8.0995,1,8.1
,6018,18.7931,1,18.8
,6019,9.3713,1,9.4
,6020,12.8372,1,12.8
,6021,11.9028,1,11.9
,6022,3.3065,1,3.3
,6023,7.4473,1,7.4
,6024,8.5644,1,8.6
,6025,19.6966,1,19.7
,6026,15.4192,1,15.4
,6027,32.6881,1,32.7
,6028,11.7935,1,11.8
,6029,2.3777,1,2.4
,6030,24.0067,1,24.0
,6031,41.7401,1,41.7
,6032,40.0541,1,40.1
,6033,19.0897,1,19.1
,6034,15.4105,1,15.4
,6035,218.5206,1,19.0
,6035,218.5206,2,199.5
,6036,8.9905,1,9.0
,6037,51.6258,2,51.6
,6038,17.2536,1,17.3
,6041,268.0224,5,268.0
,6042,12.8435,5,12.8
,6043,221.2678,5,221.3
,6044,654.143,5,654.1
,6050,6.3582,1,6.4
,6051,5.0047,1,5.0
,6052,5.1215,1,5.1
,6053,9.843,1,9.8
,6054,13.2011,1,13.2
,6055,58.81,1,58.8
,6056,102.5404,1,102.5
,6057,18.718,1,18.7
,6058,17.0785,1,17.1
,6059,10.7402,1,10.7
,6060,8.4538,1,8.5
,6061,16.2744,1,16.3
,6062,17.1885,1,17.2
,6063,9.1646,1,9.2
,6064,15.5884,1,15.6
,6065,49.6903,1,49.7
,6066,8.8563,1,8.9
,6067,15.6755,1,15.7
,6068,27.8788,1,27.9
,6069,69.3563,1,49.9
,6069,69.3563,2,19.5
,6070,12.062,1,12.1
,6071,44.5963,1,44.6
,6072,5.8633,1,5.9
,6073,31.6307,1,31.6
,6074,169.4161,1,14.6
,6074,169.4161,2,154.8
,6076,245.3351,1,101.1
,6076,245.3351,2,144.2
,6077,33.4443,1,33.4
,6078,146.3766,1,24.3
,6078,146.3766,2,122.1
,6079,105.1365,1,105.1
,6081,37.4572,1,37.5
,6082,76.1251,1,29.1
,6082,76.1251,5,47.0
,6083,507.9764,1,8.6
,6083,507.9764,2,296.3
,6083,507.9764,5,203.1
,6084,635.2296,2,271.8
,6084,635.2296,5,363.4
,6090,6.5793,1,6.6
,6100,7.5754,1,7.6
,6101,6.4031,1,6.4
,6102,7.0409,1,7.0
,6103,3.3407,1,3.3
,6104,10.7948,1,10.8
,6105,32.8387,1,32.8
,6106,8.314,1,8.3
,6107,37.5339,1,37.5
,6108,11.591,1,11.6
,6109,24.7843,1,24.8
,6110,62.0301,1,62.0
,6111,457.7821,1,68.1
,6111,457.7821,2,389.7
,6112,135.2598,1,135.3
,6121,88.0008,1,88.0
,6122,123.3246,1,40.5
,6122,123.3246,2,82.9
,6123,35.8428,1,19.9
,6123,35.8428,2,15.9
,6124,256.3869,2,28.9
,6124,256.3869,5,227.5
,6125,220.6073,1,0.3
,6125,220.6073,2,220.3
,6126,180.6011,5,180.6
,6147,8.685,1,8.7
,6148,9.6116,1,9.6
,6149,11.6173,1,11.6
,6150,9.6981,1,9.7
,6151,7.7563,1,7.8
,6152,12.5505,1,12.6
,6153,9.126,1,9.1
,6154,5.533,1,5.5
,6155,34.0901,1,34.1
,6156,7.5866,1,7.6
,6157,6.2651,1,6.3
,6158,3.1384,1,3.1
,6159,3.6116,1,3.6
,6160,5.5346,1,5.5
,6161,19.2239,7,19.2
,6162,5.4319,1,5.4
,6163,42.731,1,42.7
,6164,78.4623,1,78.5
,6165,18.2523,1,18.3
,6166,35.3557,1,35.4
,6167,76.6403,1,76.6
,6168,49.0226,1,36.6
,6168,49.0226,6,12.4
,6169,31.3418,1,31.3
,6170,25.1197,1,25.1
,6171,87.3153,1,69.8
,6171,87.3153,2,17.5
,6172,21.2107,1,21.2
,6173,6.5448,1,6.5
,6174,4.4149,1,4.4
,6175,3.6112,1,3.6
,6176,32.2108,1,32.2
,6180,13.5708,1,13.6
,6181,9.052,1,8.9
,6181,9.052,2,0.2
,6182,22.0186,1,22.0
,6207,540.2147,2,196.5
,6207,540.2147,5,343.7
,6208,485.6095,1,71.1
,6208,485.6095,2,321.0
,6208,485.6095,5,93.5
,6209,22.554,1,21.8
,6209,22.554,2,0.7
,6210,63.4012,1,63.4
,6211,98.2999,1,16.6
,6211,98.2999,2,81.7
,6213,498.195,5,498.2
,6214,144.2855,2,84.7
,6214,144.2855,5,59.6
,6215,831.8534,2,13.6
,6215,831.8534,5,818.3
,6218,91.9458,5,91.9
,6219,82.8451,5,82.8
,6220,778.6938,5,778.7
,6221,317.5631,2,80.8
,6221,317.5631,4,0.3
,6221,317.5631,5,236.5
,6223,70.7741,2,70.8
,6224,120.5192,2,120.5
,6225,2920.936,4,725.3
,6225,2920.936,5,2195.7
,6226,95.065,2,95.1
,6227,40.4442,2,40.4
,6228,31.6676,2,31.7
,6229,18.6645,2,18.7
,6230,100.5368,2,100.5
,6232,8.2782,2,8.3
,6233,170.8181,2,170.8
,6236,432.335,2,89.0
,6236,432.335,5,343.3
,6237,289.5948,2,229.4
,6237,289.5948,5,60.2
,6239,553.2522,2,13.8
,6239,553.2522,5,539.5
,6240,44.7333,5,44.7
,6243,243.294,5,243.3
,6244,2363.7669,5,2363.8
,6251,174.28,5,174.3
,6252,87.8886,5,87.9
,6253,264.8321,5,264.8
,6254,71.8219,5,71.8
,6255,731.2648,5,731.3
,6256,818.7282,5,818.7
,6258,2766.2331,5,2734.2
,6258,2766.2331,6,32.0
,6260,1590.9792,5,1443.7
,6260,1590.9792,6,147.3
,6262,1708.5685,6,1708.6
,6271,208.8099,2,113.7
,6271,208.8099,5,95.1
,6275,2607.692,5,2607.7
,6280,871.7295,2,49.2
,6280,871.7295,3,513.8
,6280,871.7295,5,308.7
,6281,120.6492,3,63.6
,6281,120.6492,4,57.0
,6282,94.6186,3,27.9
,6282,94.6186,4,11.1
,6282,94.6186,5,55.5
,6284,596.2035,5,596.2
,6285,843.1065,4,61.2
,6285,843.1065,5,781.9
,6286,311.6193,4,78.2
,6286,311.6193,5,233.5
,6288,388.0929,5,388.1
,6290,154.0756,5,154.1
,6302,2757.3969,5,2757.4
,6304,1744.7142,5,1744.7
,6306,2015.1931,5,1601.2
,6306,2015.1931,6,414.0
,6308,2262.2507,5,2262.3
,6309,444.0201,5,444.0
,6311,751.3168,5,751.3
,6312,1299.4421,5,1088.9
,6312,1299.4421,6,210.5
,6313,542.3908,5,542.4
,6315,2699.8651,5,2423.4
,6315,2699.8651,6,276.4
,6316,956.3503,5,956.4
,6317,1822.974,5,1518.2
,6317,1822.974,6,304.8
,6318,1172.9449,5,1172.9
,6320,1436.7163,5,1436.7
,6321,1207.8271,5,1207.8
,6322,414.6848,5,414.7
,6323,386.6177,5,386.6
,6324,2719.1385,5,2719.1
,6326,543.5275,5,543.5
,6327,270.28,5,270.3
,6328,2461.7753,5,1109.4
,6328,2461.7753,6,1352.4
,6330,1428.3566,3,653.9
,6330,1428.3566,5,774.4
,6333,1859.8487,5,1859.8
,6335,1018.5857,6,1018.6
,6336,2355.7587,6,2355.8
,6337,3403.7417,6,3400.9
,6337,3403.7417,7,2.9
,6338,3734.6507,5,1121.6
,6338,3734.6507,6,2613.0
,6341,1963.9221,6,1963.9
,6343,3660.6597,6,3660.7
,6346,7273.0478,6,2411.8
,6346,7273.0478,7,4861.3
,6348,538.349,6,230.5
,6348,538.349,7,307.9
,6350,485.7632,6,485.8
,6351,394.237,6,394.2
,6352,769.5016,6,769.5
,6353,3390.9953,6,3391.0
,6355,6019.582,6,2239.2
,6355,6019.582,7,3780.4
,6356,3563.1938,7,3563.2
,6357,877.6261,6,877.6
,6358,1051.1574,6,1051.2
,6359,5611.9857,6,410.0
,6359,5611.9857,7,5202.0
,6361,448.7822,6,448.8
,6363,805.2949,6,805.3
,6365,1848.422,6,1848.4
,6367,1186.2881,6,1186.3
,6368,920.8954,6,920.9
,6369,2171.4935,6,2171.5
,6370,996.7845,5,653.8
,6370,996.7845,6,342.9
,6372,384.8013,5,173.5
,6372,384.8013,6,211.3
,6373,559.0948,6,559.1
,6375,1708.1363,6,1708.1
,6383,1797.2485,5,1797.2
,6384,219.6783,5,219.7
,6385,342.9449,6,342.9
,6386,534.7377,6,534.7
,6390,2687.8869,5,2687.9
,6391,2290.0975,5,2290.1
,6392,1047.5695,5,1047.6
,6393,329.2705,5,329.3
,6394,1568.5913,5,1568.6
,6395,1816.903,5,1816.9
,6396,1391.3439,5,1391.3
,6397,882.6376,5,882.6
,6398,1646.3684,5,1159.7
,6398,1646.3684,6,486.7
,6401,1369.5302,4,263.7
,6401,1369.5302,5,1105.8
,6403,60.0858,5,60.1
,6405,750.1065,5,750.1
,6407,1112.3392,5,1112.3
,6409,1101.692,5,1101.7
,6410,982.8496,5,982.8
,6411,487.8053,5,487.8
,6412,444.7781,5,444.8
,6413,238.0088,5,238.0
,6414,184.6471,5,184.6
,6415,1687.8161,5,354.3
,6415,1687.8161,6,1333.5
,6418,1107.8771,6,1107.9
,6419,358.3108,6,358.3
,6420,978.6081,6,978.6
,6421,1246.3928,6,1246.4
,6422,528.0006,6,528.0
,6423,1234.0872,6,1234.1
,6424,1623.2244,6,1623.2
,6425,1030.6138,6,1030.6
,6426,19004.6679,6,19004.7
,6427,527.564,6,527.6
,6428,380.8239,6,380.8
,6429,23101.1675,7,23101.2
,6430,145.2704,3,59.1
,6430,145.2704,7,86.2
,6431,107197.5149,3,23.6
,6431,107197.5149,7,107173.9
,6432,17.0965,3,17.1
,6434,80290.7063,3,2.9
,6434,80290.7063,7,80287.8
,6436,34758.7851,7,34758.8
,6437,11582.6005,7,11582.6
,6438,20332.4557,7,20332.5
,6440,179993.971,7,179994.0
,6442,225.8115,5,56.7
,6442,225.8115,7,169.1
,6443,99857.0855,7,99857.1
,6445,9695.4814,7,9695.5
,6446,1481.5702,6,1481.6
,6447,3578.9003,6,2010.2
,6447,3578.9003,7,1568.7
,6448,734.2044,6,734.2
,6450,13851.5461,6,6258.5
,6450,13851.5461,7,7593.0
,6452,18504.68,7,18504.7
,6460,941.4056,5,941.4
,6461,648.8583,5,648.9
,6462,797.0484,5,797.0
,6463,174.927,5,174.9
,6465,417.1784,5,417.2
,6466,449.0598,6,449.1
,6467,342.5448,6,342.5
,6468,3111.7785,6,3111.8
,6470,577.5903,6,577.6
,6472,7400.6898,6,7400.7
,6473,1180.0273,6,1180.0
,6475,2254.7227,6,2254.7
,6476,806.4864,6,806.5
,6477,1248.1256,6,1248.1
,6479,3965.8847,6,3965.9
,6480,242.0522,6,242.1
,6484,8242.6947,6,8242.7
,6485,1419.5614,5,1419.6
,6487,463.0481,6,463.0
,6488,615.3741,6,615.4
,6489,572.7821,6,572.8
,6490,1166.0245,6,1166.0
,6501,215.9524,2,5.7
,6501,215.9524,5,210.2
,6502,464.7474,5,464.7
,6503,2267.3791,5,2267.4
,6504,106.523,5,106.5
,6505,281.5417,5,281.5
,6506,250.2769,5,250.3
,6507,3002.0165,5,3002.0
,6509,691.506,5,691.5
,6510,1463.4002,5,1463.4
,6511,9.8572,5,9.9
,6512,566.0068,5,566.0
,6513,1174.9253,6,1174.9
,6514,223.2321,6,223.2
,6515,2565.5482,6,2565.5
,6516,525.8873,5,525.9
,6517,1464.2113,6,1464.2
,6518,2405.9234,6,2405.9
,6519,2656.6928,6,2656.7
,6521,2958.5138,5,2958.5
,6522,1934.8857,5,1934.9
,6525,2369.3298,5,2369.3
,6528,220.9371,5,220.9
,6530,127.2789,3,109.9
,6530,127.2789,7,17.4
,6532,23479.2952,3,409.2
,6532,23479.2952,5,1890.8
,6532,23479.2952,6,9426.9
,6532,23479.2952,7,11752.5
,6535,2596.627,5,739.6
,6535,2596.627,6,1857.1
,6536,3651.8525,6,3651.9
,6537,4458.1095,7,4458.1
,6556,197.3844,2,197.4
,6558,47.3168,2,30.3
,6558,47.3168,5,17.0
,6560,55.1694,5,55.2
,6562,348.3701,5,348.4
,6564,48.3235,4,12.4
,6564,48.3235,5,35.9
,6566,637.1436,5,637.1
,6567,523.4298,5,523.4
,6568,590.8465,5,590.8
,6569,653.1601,5,653.2
,6571,161.4917,5,161.5
,6572,173.4525,5,173.5
,6574,484.8706,5,484.9
,6575,696.6588,5,696.7
,6603,1725.7811,5,1725.8
,6605,510.1765,6,510.2
,6606,781.2716,6,781.3
,6608,749.9267,6,749.9
,6609,1134.1823,6,1134.2
,6612,12610.7729,6,1656.9
,6612,12610.7729,7,10953.8
,6613,572.1224,6,572.1
,6614,571.4311,6,571.4
,6616,662.4327,6,662.4
,6620,6297.7335,6,6297.7
,6623,2853.6478,6,2853.6
,6625,610.5013,6,610.5
,6627,816.2016,6,816.2
,6628,632.5737,6,632.6
,6630,30404.5646,6,4250.8
,6630,30404.5646,7,26153.7
,6631,2175.8133,6,2175.8
,6632,1051.2994,6,1051.3
,6635,28587.3729,7,28587.4
,6638,13858.1182,7,13858.1
,6639,32605.2912,7,32605.3
,6640,20882.7935,7,20882.8
,6642,100188.5478,7,100188.5
,6646,181297.3382,7,181297.3
,6701,55074.9342,7,55074.9
,6705,57809.8737,7,57809.9
,6707,5978.968,7,5979.0
,6710,21755.6413,7,21755.6
,6712,263.6601,7,263.7
,6713,134.6267,6,3.6
,6713,134.6267,7,131.1
,6714,14823.7612,6,205.0
,6714,14823.7612,7,14618.8
,6716,19482.5511,7,19482.6
,6718,192.1505,6,161.8
,6718,192.1505,7,30.3
,6720,67.2387,6,67.2
,6721,7890.6644,6,92.1
,6721,7890.6644,7,7798.6
,6722,4872.0708,6,22.3
,6722,4872.0708,7,4849.8
,6725,55384.2032,6,251.3
,6725,55384.2032,7,55132.9
,6726,9.3448,6,9.3
,6728,101758.3095,7,101758.3
,6740,58423.1396,7,58423.1
,6743,59304.4106,7,59304.4
,6751,59183.6116,7,59183.6
,6753,28095.4685,7,28095.5
,6754,153.1272,7,153.1
,6758,21883.0496,7,21883.0
,6760,35025.6567,7,35025.7
,6762,178407.8101,7,178407.8
,6765,9040.6061,7,9040.6
,6770,135325.0744,7,135325.1
,6798,136.1356,7,136.1
,6799,13.7258,7,13.7
,7000,10.948,2,10.9
,7004,9.8025,2,9.8
,7005,8.3807,2,8.4
,7007,6.4677,2,6.5
,7008,12.1958,2,12.2
,7009,8.4747,2,8.5
,7010,17.2278,2,17.2
,7011,27.2078,2,27.2
,7012,33.4333,2,33.4
,7015,15.3124,2,15.3
,7016,13.2052,2,13.2
,7017,137.8192,2,110.9
,7017,137.8192,5,26.9
,7018,23.0912,2,23.1
,7019,14.6762,2,14.7
,7020,56.4144,2,56.4
,7021,4.8376,2,4.8
,7022,10.9785,2,3.1
,7022,10.9785,5,7.9
,7023,4.6425,5,4.6
,7024,2.2327,2,2.2
,7025,93.9067,2,93.9
,7026,209.6857,2,13.2
,7026,209.6857,5,196.5
,7027,152.1166,5,152.1
,7030,3309.9717,2,414.5
,7030,3309.9717,4,1.6
,7030,3309.9717,5,2450.1
,7030,3309.9717,6,443.8
,7050,38.6985,2,38.7
,7052,6.2052,2,6.2
,7053,8.0166,2,8.0
,7054,308.276,2,218.3
,7054,308.276,5,90.0
,7055,3.254,2,3.3
,7109,1133.4356,2,30.8
,7109,1133.4356,5,1102.6
,7112,179.2618,5,179.3
,7113,44.2294,5,44.2
,7116,13222.5661,5,291.6
,7116,13222.5661,6,12931.0
,7117,48.3123,5,48.3
,7119,45.0101,5,45.0
,7120,1512.6641,5,1512.7
,7139,72.0034,6,72.0
,7140,5233.2386,2,71.2
,7140,5233.2386,4,180.0
,7140,5233.2386,5,2648.9
,7140,5233.2386,6,2333.1
,7150,503.6592,2,66.2
,7150,503.6592,5,82.3
,7150,503.6592,6,355.1
,7155,14.9646,2,15.0
,7162,24.3229,5,24.3
,7163,21.3361,5,21.3
,7170,93.1647,2,93.2
,7171,31.5554,2,31.6
,7172,241.9126,2,69.1
,7172,241.9126,5,172.8
,7173,114.874,2,69.6
,7173,114.874,5,45.3
,7174,42.5297,5,42.5
,7175,62.3831,5,62.4
,7176,62.1658,5,62.2
,7177,90.3882,5,90.4
,7178,96.6914,5,96.7
,7179,51.4124,5,51.4
,7180,18.7249,5,18.7
,7182,175.4638,5,175.5
,7183,12.5638,5,12.6
,7184,123.9962,5,124.0
,7185,18.1584,5,18.2
,7186,82.794,5,82.8
,7187,26.6414,5,26.6
,7190,1792.4606,5,1164.0
,7190,1792.4606,6,628.5
,7209,1072.9981,5,931.7
,7209,1072.9981,6,141.3
,7210,1144.2133,5,970.8
,7210,1144.2133,6,173.4
,7211,413.3688,5,413.4
,7212,1082.652,2,122.9
,7212,1082.652,5,959.7
,7213,1061.0291,5,904.7
,7213,1061.0291,6,156.3
,7214,1376.0028,5,1376.0
,7215,1041.001,5,392.4
,7215,1041.001,6,648.6
,7216,791.9211,5,791.9
,7248,36.9022,2,36.9
,7249,12.61,2,12.6
,7250,174.1852,2,174.2
,7252,496.59,2,68.9
,7252,496.59,5,427.6
,7253,153.8115,5,153.8
,7254,278.9994,5,279.0
,7255,1416.2192,7,1416.2
,7256,1095.7407,7,1095.7
,7257,580.4052,7,580.4
,7258,97.9701,2,37.7
,7258,97.9701,5,60.3
,7259,485.6861,2,224.4
,7259,485.6861,5,261.3
,7260,760.429,5,760.4
,7261,81.7534,5,81.8
,7262,717.5295,5,717.5
,7263,352.3637,5,352.4
,7264,1505.9856,5,1368.2
,7264,1505.9856,6,137.8
,7265,195.0655,5,195.1
,7267,113.8586,2,105.0
,7267,113.8586,5,8.8
,7268,162.4062,2,105.2
,7268,162.4062,5,57.2
,7270,265.1619,5,265.2
,7275,340.3103,2,18.9
,7275,340.3103,5,321.4
,7276,5.9926,5,6.0
,7277,98.0652,2,98.1
,7290,10.6892,2,10.7
,7291,59.4922,2,59.5
,7292,244.3005,2,149.5
,7292,244.3005,5,94.8
,7300,110.7076,2,76.7
,7300,110.7076,5,34.0
,7301,418.437,2,222.5
,7301,418.437,5,195.9
,7302,676.5484,5,676.5
,7303,295.7173,2,13.5
,7303,295.7173,5,282.2
,7304,3543.6698,5,2639.1
,7304,3543.6698,6,904.6
,7305,124.691,5,124.7
,7306,1543.5003,3,85.2
,7306,1543.5003,5,1076.4
,7306,1543.5003,6,382.0
,7307,505.5675,3,138.9
,7307,505.5675,5,366.6
,7310,373.7057,3,151.2
,7310,373.7057,5,222.5
,7315,613.5895,3,34.3
,7315,613.5895,4,126.4
,7315,613.5895,5,452.9
,7316,277.204,3,80.3
,7316,277.204,4,21.1
,7316,277.204,5,175.8
,7320,32.2926,3,32.3
,7321,2370.2862,3,107.8
,7321,2370.2862,5,2216.3
,7321,2370.2862,6,46.3
,7322,26.8891,3,26.9
,7325,799.9329,3,154.5
,7325,799.9329,4,45.3
,7325,799.9329,5,600.1
,7330,2296.0888,5,972.8
,7330,2296.0888,6,1323.3
,7331,18.0189,5,18.0
,7466,68.8166,6,68.8
,7467,144.0971,6,144.1
,7468,309.9494,6,309.9
,7469,5893.5125,5,1487.4
,7469,5893.5125,6,4406.1
,7470,108.2441,6,108.2